text,label
让一切悲伤从今天开始永远成为过去快乐永远伴随你,0
祝出门旅游（包括微游）的人旅途快乐，游玩快乐！,0
招财猫果然名不虚传。。[淘气] 关爱萌萌可耐小动物关注@萌宠小精灵,0
皮肤自然最好啊啊啊T T,0
下图送给各位女友，同祝大家节日快乐！,0
发自内衣（……）地说，真的太好看了……,0
这个视频剪辑的非常好，看完视频，听完这首歌，我又飘到小国和辛薇莱那儿去了，又想看CH了~,0
希望你快点找到你心中的那双鞋子哈.......大乐,0
我爱你就象喝白开水，吃饭一样，就象呼吸一样的自然，不眠不息，温温柔柔，所以我会永远爱你。,0
既然你大大方方的裸背了，那麻麻诚心诚意的告诉你，背很好看。。。。,0
姐姐说：祝你节日快乐！,0
何况，日本人确实有些方面做得不错。,0
昨晚十一点去了簋街吃夜宵 此地果然名不虚传 延绵两公里 道路两边灯火辉煌 川菜火锅烧烤应有尽有 比上海任何一个夜市都要热闹很多 绝对是吃夜宵喝啤酒的不二选择,0
因为梦想，所以坚持 ![心],0
真的很不错，价格也很实惠哦！,0
不管到哪，我随身都会带着它们，有时候自己快被打击下去或者低落的时候，我就会翻出来看看，并不一定是要去把书或者CD都看和听一遍，是看到这些我就会无形之中获得一种力量和勇气，去挑战自己，不畏惧！,0
一生至少该有一次，为了某个人而忘了自己，不求有结果，不求同行，不求曾经拥有，甚至不求你爱我，只求在我最美的年华里，遇到你。,0
见到她我有点儿动摇了减肥的信心。,0
谢谢您的理解与支持！,0
看上去就很好摸额敢叫！,0
我喜欢喝喜力，别的如百威、嘉士伯口感都一般；,0
李冰冰很可愛的表情啊[眨眼][眨眼]是否因為把wirebag 巨大[熊猫]的趣面也壓扁了[呵呵][呵呵]，更可愛！[赞][赞][赞],0
爱生活爱转发。[lxhx睡觉]@勤劳的肖坤 @这就是我花园 @sikwan的空间 @此用户已存在2011 @可爱的foxmail,0
让我们认识了这么可爱的你..!!^ ^..,0
两个具有传奇色彩的人，在两个世界延续刻骨铭心的爱。,0
感谢博主按照当年排名拼图，顺便感叹一下，冠军就是冠军，某些人永远只能望其项背,0
我还是想看世界杯。。,0
小笨穿的可美了 准备美代一双 各位觉得美貌不？？,0
真的好骄傲~我们可以自豪的对全世界的人说，这就是我们的全能优质爱豆------朴有天！[喜欢你],0
生日快乐美丽的莫妮卡~~~喜欢看你跳舞呢~对跳舞的热情完全燃烧起来还是因为有一次看你的battle呢~~也希望你雅思考的高高的哈哈哈！,0
昨天的活动非常有意义。,0
//@__xiababe:恭喜！！！！！,0
跟我说了很多 我觉得他说的很对 心态最重要的是心态??,0
哈哈哈哈哈哈!!!!,0
今天给爸爸买的海南八哥，小八两个月，好喜欢吃呀！,0
祝福像这样的好心人，都能够一生平安。,0
不过我是支持取缔的！,0
【阿福贝贝淘宝试用体验】小小柏妈妈：这次能申请到阿福贝贝童鞋，实在是非常的幸运，在这里对店家表示感谢，感谢你们提供了这么好的鞋子给我们的宝贝！[得意地笑],0
换了搜狗的拼音输入法，果然打字速度快多了，用起来很过瘾！,0
和第一张相比，更成熟，更有态度，更好听。,0
无论精神和物质多么富有的人在幻想和现实的世界间都会存在差据 对现实不满和失望时那就发泄下 就像你现在这样 让我看到偶尔感性的你,0
//@小晨曦先生: 生快哟哟哟!!!,0
传说中的气场[给力]@罗志祥,0
非郑重声明：这女孩儿呢，就是我的新偶像：以前的那些，包括国内、国外，村里、村外的，一律不再予以承认。,0
现在身体吃不消了，耽误很多事情，希望大家都注意保护自己的身体！,0
生活因温暖而美好！,0
希望这个世界因为有我的存在，有一点点不一样。,0
心情激动!,0
//@爱的费玉清V:我喜欢她,0
[爱你]这部电视剧一定会像#雪豹# #黑狐# #雳剑# 一样成功！,0
@阿希_头像我们结婚吧 亲爸生日快乐[蛋糕][蛋糕][蛋糕][蛋糕][爱你][爱你][爱你][做鬼脸]要继续努力刷屏哦哈哈～,0
另外今天是你的牛一，祝福满满满，美照越拍越多，每天都过得开开心心[干杯][礼物][蛋糕],0
看超萌小妹妹和胖胖可爱波斯猫，太搞了太搞了。,0
可是我就喜欢他们。,0
电影票已攒足，择日观看，在此也感谢那些电影票多得到处派发的人。,0
巨星范！,0
今晚舞动要加油啊~~~~[强壮][强壮][强壮][强壮][强壮][奥特曼]代表奥特曼赐予你们力量~~[爱你][爱你],0
留下来~永远都唱着最炫的民族风。,0
太可爱了，放松下心情，温馨甜蜜又治愈轻松的短片送给大家！！！[视频],0
据我所知，有几个富有内涵，漂亮，气质优雅的知性演员，就默默在帮助那些需要帮助的人。,0
//@囧囧小肥洋: 1.3 2.5 3.8什么的数字最带感了，老娘我的最爱！,0
一个人时不喧不嚷、安安静静；一个人时会寂寞，用过往填充黑夜的伤，然后傻笑自己幼稚；一个人时很自由不会做作，小小世界任意行走；一个人时要坚强，泪水没肩膀依靠就昂头，没有谁比自己爱自己更实在；一个人的日子我们微笑，微笑行走，微笑面对。,0
三愿景点城市和景区的餐饮业，照常公平交易，不要乘机宰客。,0
我坚定不移地站在他身后支持他，我希望他能够尽快返回赛场，正是因为有了像他这样的家伙，英超才能够成为世界第一联赛。,0
北京演唱会热情犹在，紧接着韩庚为喜欢他的朋友们又送上一份厚礼——全新单曲《最佳听众》重磅发布！,0
我家的猫很有灵性！,0
车子去修了，好久没乘公交车上班了，体验了一下，上海的公交很畅通，三元钱老时间到公司了，看来政府是做了一些事情的。,0
第一次听李宇春现场，真是不错。,0
接纳自我，才能提升自我，以全新状态投入工作。[可爱],0
《妈妈，我要陪你去西藏》，今天终于到了，打算回家读给女儿听~,0
中国大撤离绝对值得肯定的壮举，不管政府的初衷是什么。,0
[good] 你出名了，这个是何等的荣耀啊。,0
#韩庚快乐大本营#有几张快本的图漏了做=皿=++谢特，这只小仓鼠可爱爆了好吗！！！,0
谢谢了 真的 很感谢 也希望大家多多转发，比熊犬，头圆鼻子颜色浅，黑眼珠。,0
┏云殿+越南110507┓越南场北京时间8点开始，场地跟广州一样，坑里人不是很多，但是上座率其实不错~,0
早上推开窗户，北京的阳光是那么明媚，来京九天了，居然没能上街去看一看，变宅男了！,0
她唱的我心醉 她唱的我心碎。。,0
好人长寿！,0
哇 红姑依然这么性感[花心] //@孙立基ChristopherSun:甘先生這帖，必須轉發！,0
明显白了很多，我也希望可以送一支给我妈妈，让妈妈笑容更美丽，更自信！,0
//@Tang-Abo 超感动!!!![心],0
我觉得联合LBS很有作为。,0
三人這張莫名有種清純(!?)感嗎…,0
//@行云天边:[花心]手机桌面！,0
等待是漫长的 我要给鸡公堡美好的未来啊,0
性感[花心],0
我们家始源永远那么绅士,0
★绝对好吃的做法：西红柿鸡蛋汤★制作：1.把西红柿去皮，对半切后去蒂，再切块。,0
上学时读过残雪，去年看到肖全一本摄影集上面残雪的照片，很酷，决定再读。,0
想想从开始到最后奔波这么长时间，当初对着我各种神经质情绪多变到居然说出了感谢尊重的话，并且希望有更多的合作，只能说用心做事最终总能换得好结果。,0
#我爱我家# 通过改造，这个公寓散发出一种新的活力，整体灰黑的底色被各种亮色家具所提亮，书架墙纸的设计不仅提升了品味也让整个空间有趣了起来。,0
或者有兴趣的同学可以听听片段、、我建议的是开场曹操的那一段，，中间诸葛舌战群儒那一段，还有在后面周瑜曹操孔明三人在江边对唱那段，最后孔明祭江那一段，都是很经典的，建议大家都去听听，尤其喜欢三国，喜欢艺术的、、、,0
又出新歌，还是原创，果然好戏在后头呢。,0
//@微博星座达人: 太萌太可爱啦！,0
她更心细，因为地位不同，又比情人更能帮助男人；假如是一位充满须眉气质的红颜，做事甚至会比男人更得力，这是多美妙的事情.,0
谢谢尘子=3=！！,0
这，才是真正的超级巨星。,0
亲爱的大家：在微博上遇见你，是2010里一个最美丽的意外...,0
双马尾大爱！,0
好想有个你，在我难过的时候，能把你的肩膀借给我让我依靠！,0
喜欢的那个叫郑允浩、他带领着队伍住进我的心。,0
他从不做坏事。,0
这个可耐的萌店主，还有那手工绘制的萌图T恤，夏天穿着出去是不是很不一样啊！,0
二，我只相信同样相信爱豆的你们。,0
比如大英国家美术馆本人喜欢看画两天去了两次。,0
《花非花》新书发布会上，主持人安雅优雅大度，她居然写了五六页的问题，而且是先用英文写，再译成汉语，还注上拼音，因为她英文比中文好。,0
另，冰冰老师演得实至名归。,0
真好看，炫。,0
//@王久辛:问得好[给力] [赞],0
不过这届比赛从首轮就不乏焦点战，沃兹对杜尔科，萨芬娜对小克，休伊特对纳班，场场看点十足啊！,0
重要的是，你在我的身边！[心],0
昂><太好看..!!!!!,0
北理校队威武，第五次夺得中国大学生足球联赛冠军！,0
希望是个好的开始。,0
我好喜欢你的歌勒。,0
T恤加纱裙在如今的大街小巷早已是屡见不鲜了，印有大字母的深灰色短袖T带有点酷酷的休闲风，与下身白色长纱裙相搭真是相当特别呢，很有显个的效果。,0
（有爱哈~） 2.锅煤的电风扇是同一个~~（这个更有爱~） 。。。,0
3.9是保护母亲河日，欢迎大家积极参与其中[偷笑],0
每天在NOVO门口看见潮人纷纷提着大包小包的，我都快疯啦，我也潮潮潮潮潮潮潮。。。。。[兔子] 。,0
不得不赞！,0
好多的布料！,0
家里的秘制蛋炒饭，火候控制出色，采用了先饭后蛋的流程，加入葱花、香菜、榨菜等，配以超级好吃的腊牛肉，实在是超过京城任何一家湘菜啊！,0
她和整个团队真的很用心的在经营这个品牌，细节决定成败，细节体现品质，你绝对不是玩玩而已。,0
真心觉得某胡今晚更是大度 智慧 义气 机智 聪明啊,0
力挺苏紫紫丫头，做自己的，没必要在意他人的非议。,0
"这小国王,时而傲娇,时而别扭时而LOLI着,特别是被公爵大人欺负得太好玩了哈哈哈哈...",0
刀郎在三小时里激情演唱30多首高调金曲，放眼整个华语歌坛，恐怕再无人能及。,0
你咋就不认为我这个亲妈呢，还好这次你没把手放在台底下，很顺利的拉了小手，小手很软很温暖[爱你],0
//@人如菊-淡如水: 小波真是好孩子！,0
感谢小编将这么好的活动分享给大家，求好运,0
回复@北京猪佳暴脾气:啊哈哈哈哈哈哈哈哈 太可爱了你,0
时间流里，冲走生命，回顾2008，祈望和平，和谐世界，平安众生，永息争战，合作共赢，地球象生命一样脆弱，经不住众生折腾!,0
我爱你们两个老家伙～,0
我好喜欢，好想要一顶。,0
有无线网络的地方强烈推荐朋友们下载米聊！,0
频道里面暗藏杰伦不少视频 哈哈 周师傅私下的剪发技术确实不错啊！[理发],0
2)香港人比较务实，没有那么好大喜功讲排场。,0
20分钟内脱销两次，要不要这么给力的。,0
其实俺这几天经常静坐反省、规划来年；也在心里默默为所有关注我们的博友祈福，140个字节难以尽@，在此一并祝福各位兔年吉祥！,0
帅气！,0
//@属牛的金牛座: 靠，太TMD刺激了！,0
他们该说的时候总是会说的，给他们空间，杰仔娜娜真的不容易......,0
今晚表现很出色！,0
今晚有热腾腾的川式火锅吃，好期待喔！！,0
合肥物价满靠谱，很多生活消费品感觉一直没怎么涨价，超市里的大馒头，合肥一元三个，广州好像是一元五毛一个，一般一环外房价维持六千多……,0
如果你身边有天天上课睡觉的姑娘，娶她吧！,0
行好运。,0
爷就是个疯子，就爱大声笑，大声闹，不会含情脉脉，也不会小口吃东西，爷活着舒服自在！,0
现在中国还有几个校长宁可坐牢，也不会出卖自己的学生呢？,0
//@我家露台阿驰:回复@evenjs:美的跟画似的～～,0
我不是碰不到更好的，而是因为已经有了你，我不想再碰到更好的...,0
【韩语中字】《我们结婚了》#西米夫妇#预告 #付辛博# #朴孝敏# 语言是浮云~肢体语言才是王道~很期待的呀！,0
我敬佩！,0
"看了人艺重排大戏＜蔡文姬＞,真的不错。",0
"请大家看一下我博客里转载的韩寒的博文&quot;黄艺博是个好干部&quot;,写的满不错的.",0
我这个梅校长人物的塑造绝对给力！,0
分享一首来自虾米网的歌曲:不想长大 @虾米音乐） SHE的歌曲被翻唱这样，也挺牛逼的,0
如果运用合适的搭配方法，通体透明的裤装绝对是扬长避短的最好单品。,0
背背最好看了~~~载载腿还蹬啊蹬的~~文赫赫表情超级可爱~~~ps 小飞龙在左边~,0
祝愚人快乐,0
很感谢有你们做这些事情。,0
其实纵观历史，许多知名的学府，都是由位高权重且具有相应学识的官员担任首席教师（包括孔子本身就是鲁国的宰相），我觉得这其实是一种好的现象，因为这能充公促进我国精英教育的发展。,0
喝着塑化剂的芭乐果汁，看着老妈给我准备的一堆食物，恩纳，继续打鸡血熬下去。,0
这个想法很不错呀！,0
那个米粒可爱又大方的孩子有如下视频的下载可以发给我的，帮转瘦10斤，发给我的瘦20斤，卡卡卡卡阿卡卡︶ε╰??,0
我不温柔我脾气不好我容易生气我容易吃醋我容易心痛我容易胡思乱想我很任性、我生气时不想说话、我开心了会一直傻笑、我受委屈会放在心里、我在乎了就想被你知道、 我喜欢在伤心的时候听伤心的歌在开心的时候和在乎的人分享...,0
这办法治疗咽炎也可以,0
不想背试卷，拿着天天洗衣券出去兑换洗发水等，其实我还蛮想买泳衣，改天去学游泳呢！,0
同意super lee的观点，我又找到一个知音，问好！,0
我敢保证肯定有超高的收视率，淳米免费给宣传，如果哪个频道滚动播出淳剧，那我就只看贵台了，其他台都不看。,0
送一张包子杰伦的照片加加油[爱你],0
但无疑的，在这众多的偏好中，你才是最大最久远的一个。,0
生日快乐[蛋糕][蛋糕],0
我禁不住的鼓鼓掌[鼓掌] [鼓掌] [鼓掌] [鼓掌] [鼓掌] [鼓掌] [鼓掌],0
我到了母亲节当然是爱你多过老爸的！,0
哦哈哈哈。。。,0
蛮搞笑，画面蛮美的…,0
可能是最美后仰跳投！,0
很绿很环保，很好很强大[good],0
翻译了一下，也希望能说给云南的同胞听，大家加油！,0
这样的妹子哪里找！！！,0
我以复旦为荣耀，希望我能为复旦添加一点荣耀，如果不能，那么我希望能增添一些非荣耀，让大家知道复旦出来的都是有不同思想的人。,0
支持！！[赞] 郭培加油~~ [haha],0
@S珊_3 婚礼上各种表情永远是亮点~[得意地笑] PART II,0
他是如此诚实的一个运动员和一个伟大的人。,0
从今天起，我要过幸福的生活。,0
[害羞][害羞]偶巴，你太萌太可爱啦～,0
//@青原随易:手边刚冒出一本百年孤独，好多年前看的，属于世界文学史上里程碑式的作品，现实很魔幻。,0
期待一份好运的降临。~,0
【我会激动的说啊啊啊啊啊周笔畅我第一次见你。,0
那我还是希望PONG和NOON得奖吧，怎么也是他们让我开始疯狂的开始看泰剧的啊。,0
好厉害！！！,0
见了面还是一样亲切～[太开心]。,0
NBA11-12赛季40分钟超长过人集锦[视频] 40分钟，没看错！,0
不过生了2个神童，怎么会有那么聪明的小孩，又漂亮。。,0
江南的味道我一直向往，不单是小桥流水人家，饭菜也可口，以前创作多于西北干沽之地，生猛腥膻。,0
白云、蓝天、幸福无边！,0
[泪][泪][泪]希望外婆身體健健康康的，老祖師一定要保佑[祈祷][祈祷][祈祷],0
[威武]结束！,0
一开始挺喜杨澜，后来加了杨澜微博。,0
//@CCCCiey: 他爸爸好帅_(:зゝ∠)_,0
最坚强 最好的KHUN,0
山山相环，水清明镜，山水相映重叠美！,0
劳资要去跟彭彭表白，其实我爱他那一身彪悍的肉，诺木有触感啊，我爱他一筷子能夹差不多9片夫妻肺片，诺木有魄力啊，我爱他边吃饭边滴下来的汗水，诺木有味儿啊，我爱他长了一张跟彭彭差不多的脸，白白净净神马的是浮云，劳资就喜欢黑不溜秋的货，彭彭我爱你诺木深沉， 你要接受我的表白，靠！,0
爱他的温润，爱他的阴狠。,0
可我就是蠢，我就是喜欢那些被当成炮灰的热血漫画团。,0
嘿嘿，各种祝福咯。。。[鼓掌] [赞] [爱你],0
多希望，隐去全世界，至少还有你...,0
2011年各地高考语文科目考试已经结束，祝福参加高考的同学们都取得很好的成绩！！！,0
但妈妈在我们心中永远是最美！,0
我们都期待「大武生」的成功[耶],0
祝愿莆田家乡建设更加美好，莆田老乡人民生活更加幸福。,0
构图、光线都足够美，强烈建议点开大图，送给早起的你。,0
多关心身边的朋友，多关心身边的亲人，感恩这一年的时光，感恩阿里，祝福阿里能做一家持续发展102年的公司！,0
谢谢小强很给力-台风够稳很帅气；小杰还有大舞台，世界巡演一起来！,0
求指教。,0
老四的那一堆去他的排比句还是比较给力！,0
我们在你身后支持你，作为古浪救助的参与者之一，你自始至终的作为和努力我们都是有体会的，兄弟加油！,0
我最爱刘忻在长沙唱区21进10那场唱羞嗒嗒的玫瑰静悄悄的开的妆容和造型.,0
我１０在受不了啦，我想你很９啦，天天都想见你啦，你８自己交给我吧，我绝不会再７负你啦，让你永远６在我身边嘛，５爱你爱到４啦，绝不会再３心２意啦，我发誓这辈子就只养你１只小猪啦！,0
霸气侧漏型的女人，我最最喜欢～[一箭穿心] @Crazymiumiu,0
（话说今天天空很漂亮哦～）,0
SO，三生三世十里桃花将是我最期盼的电影。,0
在这里我谢谢歌迷们的支持。,0
比起你的书，我现在更喜欢你这个人，属于当前中国的稀有动物了，呵呵。,0
还想着家里有个台式，可以在家修图看电影。,0
那淡淡梅子青，配上微微如冰片的开片每次都会让我驻足很久，比那里面金丝铁线的哥窑五足洗或是越窑海棠碗都要喜欢，有时候喜欢的不一定是世俗价值最昂贵的却是心中地位最高的。,0
他的作品充满色彩活力与热情~~艺术和音乐不就是应该给我们的生活增添一点快乐吗？[微笑],0
哇靠，@张翰 还唱得好耶，这个混搭太霸气了[威武],0
被你们说的我心痒痒 呼叫衣衣要下载[不好意思],0
休息在家，突发奇想，想吃包子，于是中午吃完饭，开始拌馅儿，弄了鸡蛋豆腐韭菜海带木耳的，肉和包菜的，蒸之前，还不错，结果蒸完揭开锅盖一看：我了个去，包子，你们肿么了包子！,0
加勒比海盗四最喜欢的是美人鱼那一段。。。,0
新妈们一起快来分享宝宝Q照~还有机会赢new ipad呦！,0
相比之下，我更喜欢那些朴素低调的智者和老实人！,0
@-LoveLove- 亲爱的……,0
本来获救的是他，但在生死选择面前 他能把生的机会让给他人，一路走好[蜡烛],0
现在，最让我放心的酸笋就是自家在桂林用清清的泉水泡的酸笋，既好吃，又安全，在南宁是绝对泡不出这种味道的酸笋的。,0
从我妈那儿拿了一点瑶柱，今晚煲了瑶柱白粥，多加了一条史云生浓醇高汤，一点盐也不用加，味道真的很棒！,0
"超级拉风的破洞铅笔小脚裤搭配灰色或黑色的图案松身长TEE,下搭袢带式高跟鞋,在随性的休闲气中又多了女性化，一个黑色的休闲大包以及一副黑色大眼镜，就可以美美出游咯。",0
我爱死璐璐了 ~[心],0
我家儿子很坚强，我相信他；就像我相信我家儿婿很坚强，即使被无端伤害也能重新笑起来一样。,0
辛苦啦熊猫～[good][给力],0
这总统太帅了！,0
给她铺上了垫子，快点好起来吧,0
天佑地球！[绿丝带],0
但我保证我一直在创作歌曲，希望可以拿出更多＂森＂作品给你们听！,0
T2日上带的东东到手，开心，最期待的要数欧舒丹蜡菊眼霜了，论坛挺火，跟风买的，不知效果，红石榴系列用过几次了继续屯，嘿嘿[哈哈],0
因为实在是太可爱，被网友广泛转发而走红。,0
很棒！,0
好想有个你，在我每次痛哭流涕时，借给我你的肩膀让我擦鼻涕！,0
很给力。。。,0
都不错；这些酒店 //@陈宝存:去年夏天，一个钢铁网站组织的论坛，我做了主题演讲。,0
天堂没有麻木，没有冷漠，悦悦，希望你在天堂能幸福快乐。,0
虽然很贵，很奇怪，但有什么办法？,0
不过魏晨很帅很美好。,0
切尔西、利物浦又输了，虽然我不是他们的球迷，不过还是不希望看到一支曾经伟大的球队继续沉沦，毕竟只有伟大的球队才能给我们奉献伟大的比赛，但愿他们能够早日走出低谷，继续带给我们好看的比赛。,0
//@李开复: 主持人的真诚人文关怀，boss们和面试官同样站着（而不是坐在龙椅宝座上），整个节目气氛就不一样了。,0
闹木忙还要做直播，爱你不解释啊！！！！！！！！！！！！！！！！！,0
推荐.....,0
司徒先生是一个校长，一个宁可被日本人抓去坐牢也不出卖学生的有骨气的校长。,0
叫板得好！,0
她是完美无瑕的，就像一个50年代的明星；她告诉《Now》杂志，她崇拜维多利亚，她欣赏维多利亚的勇敢与无畏！,0
太太太有爱的电梯！,0
元宵节快乐。,0
没有三脚架已经拍的那么完美了，就继续完美吧...,0
路口一个年轻妈妈带着孩子等绿灯通行，一个小豆丁一个辣妈惹人羡慕。,0
[爱你]只因在人群中 多看了你一眼·~,0
David啊~你知道我在想你吗?,0
//@楚默不淡定: 窝暗恋泥好多年,0
稀饭聪明的脑袋！,0
05年的一见钟情，过去六年的越爱越深，她让我知道，心有所爱如此美好。,0
"全新正品Crabtree & Evelyn 瑰珀翠法国活泉甲部护理霜15G,很保湿，不油腻，吸收的很快，淡淡的清香，我很喜欢，而且尖尖的涂抹口，使用起来也很方便，喜欢美甲的MM，护甲霜是一定要必备的!",0
#朴有天生日快乐#生日贺礼。。,0
我要减肥 更要一个好的身体！！！,0
@女主播雷悦 生日快乐！,0
万事盛意！,0
希望明天能画完 才能开启有爱的下一张啊~[兔兔],0
希望上天能让我在你心中空无一人的那一刻再次遇见你的心灵！,0
愿日本能平安度过这次灾难。,0
尤其是这个牛气冲天，实在是太牛了，端上来整个一个大牛头，四个大小伙子，都没吃完。,0
场子非常合适 很清楚灯光足 保证你座最后一排也没有遥望感 绝对亲切！,0
巩俐姐姐确实很有女王范儿，当然也超级有女人味儿。,0
希望你能快乐！,0
潮人你太给力了,0
一月去芬兰看极光；二月去马其他晒太阳；三月去德国天鹅堡；四月去日本看樱花；五月去土耳其逛清真寺；六月去埃及看金字塔；七月去纽约购物；八月去丹麦听童话；九月去巴黎看铁塔；十月去俄罗斯逛红场；十一月去新西兰潜水；十二月去英国过圣诞，想去的举手。,0
某胡反应能力真不是盖的啊,0
幸好···十年后，你还在。,0
正因为她们出色的实力被SM选中[嘻嘻] 训练期间在#少女时代#面前她们再次演唱了《The Boys》。,0
相信通过日积月累的磨练，这个品牌理念定会广为流传，影响一批人的生活态度。[good],0
//@音乐人孙沐：听了三遍，绝美的好声音！,0
可爱死了~~~[心][心][心],0
只要35元就能找到看到你的生活 你的态度 你的梦想 你的爱情！,0
[good]当然还有荫姐，一直等你回来！,0
说实话，我真的很喜欢牌子的名字。,0
亲爱的童鞋们，节日快乐！,0
我想我是真的爱上书了。,0
怎样的麻豆身材,0
默默的祝福，知道他们好就好......,0
谢谢你能让我们拥有一个共同的名字叫JM。,0
有点四川女孩的劲'孝顺'努力'支持你徐海星 徐海星《自己》120713 中国好声音 [视频],0
超级期待中。[g魅眼]@sikwan的空间 @benjaminzhai花园 @周踌琢 @斎抧 @alcanta2009,0
今天杨洋那段摇滚表现让人很惊艳，论唱功，这厮必须是冠军。,0
#中国好声音#【关喆《领悟》】[话筒] 深情献唱，好有感染力的一把声！,0
我的无敌老妈，自称笑靥如花，如今回眸一笑，吓呆我和爸爸；我的无敌老妈，待我热烈火辣，我总装作不懂，那是爱的表达；我的无敌老妈，你不完美无瑕，但在我的眼中，你一直最伟大；母亲节快乐啊，我的无敌老妈！,0
//@米亚是大陆妹:不愧是我的女神！！,0
同命不同价。,1
GDP全球第二了，中秋节连个月亮也看不见！,1
焚烧秸秆、垃圾的味道已经持续好几天了，最近几天早晨就在这种味道中醒来，真是令人不爽。,1
红梅图，一点也不喜欢把梅画的那么红！,1
5、小丝八斗工作繁忙，一催审版就消失。,1
老子后背脊梁那个一凉啊！,1
还有些人明明拿了绿卡，还天天给国内唱赞歌，教育民众要爱国，要听政府话，美国一点也不好，这就恶心了。,1
你个二货。。,1
她早年没读过几天教科书，多年来又忙于谋生，不读书不看报，不注意理论学习，不主动接受宣传，没能改造世界观，结果导致良知未泯，天性犹存。,1
//@旨方你醒醒啊: 我这破单位只能靠自带的小电扇。。。,1
不谈民权而谈民生，是最没有技术含量的扯淡。,1
瘦肉精才牵扯到几个官员的利益都管不住，何况中国房产已经是地方政府的命根子，你要拿剪刀剪他的命根子谈何容易。,1
网上卖东西和消费资讯类的网站1周发一封邮件就已经很垃圾了，如果天天发的话，我觉得就是找抽型的。,1
宾馆的饭菜，对做过国旅15年的我，实在感觉不是人吃的。,1
央行又准备金，真缺乏创造性。,1
百度一直很无耻，我相信他们会做得出来的 //@濠滨赵赵:,1
毛论-_-靠！,1
教育界已经没有了公平。,1
哪怕问问翻译软件也不至于此吧？？？,1
提醒你妹,1
苍蝇不趴无缝的蛋 为了孩子出镜 愿意出钱的家长N多 可怜天下父母心 骗子就说利用孩子家长的这种心态 很无语,1
造型上与众不同没错，但得与众不同地好，否则负效价。,1
结石宝宝父亲赵连海:我在新浪的微博被彻底关闭，网易的微博被彻底屏蔽，搜狐索性不允许我注册，目前只有腾讯微博还正常并被认证，希望这样的状态能保持下去。,1
摄魂怪都在我耳朵边吹气了！,1
仅仅笑话而已，这信息你都当真... 呵呵，无语。,1
[哈哈]这些妓者最2的地就是不知道他是动物园里面的一只猴子..以为笼子外边的人都没它聪明..,1
但他浪漫主义情怀释放的方式，着实有些无厘头。,1
简朴到连一个节目和活动都没有，一点都没有一个五百人公司的气度。,1
平时这类血腥暴力的镜头绝对属于限制级了，而现在却在不同频道如此高频率地滚动播出，就因为他是卡扎菲吗？！,1
因为他们不仅罪恶，而且卑贱，丢独裁两个字的脸。,1
罔顾病人利益牟取私利，实与谋财害命无异。,1
太牛了！,1
因为杀了人也不会被判死刑的。,1
某次听台湾电台，一档午夜热线节目，主题是请台湾当地人民来谈谈他们眼里的大陆春晚，基本的评价就如现在我们评价朝鲜一般。,1
茅于轼胆子真大，胆敢挑战中国人的底线，汉奸言论其大胆不亚于汪精卫，茅老贼胆大妄为,1
最讨厌领导视察的时候，旁边响起噼里啪啦的快门声，那么犀利，那么刺耳，似乎在说：我让你表演，我让你表演！,1
地点在梅林农批市场的后面，我天天上班经过都觉得恐怖，注意看，这些建材外面包着一层薄薄的水泥，里面TM是泡沫，是泡沫啊,1
[挖鼻屎][哼][鄙视]@吴有松 亲~如果我人肉错了你的信息，请你出来纠正我，我改，谢谢。[鄙视],1
你们兴高采烈唱着，恶心不恶心呢？,1
我们十分痛心地看到，当前仍有一些男青年，受到了资产阶级腐朽没落思潮的影响，刚开始与异性交往就提出非分的要求，希望进行深入的身体接触。,1
//@大珍妮花: 中国的ceo 就这水平？,1
人人上面各种唧唧歪歪的人。。。,1
美帝太可恶了，强烈要求中国驻美使馆公布当地pm2.5，以其人之道还制其人！,1
最近每个月都去大连出差， 每次回来都很累。,1
我的手机都瞅不下去了，啪嚓！,1
短你妈了个逼的信啊！,1
我们都吃过大量地沟油，因为普通群众已经像无法拒绝空气一样无法拒绝地沟油。,1
让人焦虑的社会，作为一名母亲，处在这样的环境，我觉得我快得焦虑症了,1
素质！,1
被弄成了什么样子!,1
老袁怎么样豆纸们会自己说他…,1
我们还是一个粗糙的接近野蛮的民族。,1
尤其是multiair发动机完全体会不出有什么高科技含量，2500转以上比vtec还大声。,1
[惊恐][惊恐][惊恐][惊恐]刚好38.8真系夹都冇甘岩！[嘻嘻][嘻嘻]三八快乐！[亲亲][亲亲][亲亲][亲亲]@小--肥肥,1
这是我知道的全国演员里第一个站出来支持女排的大腕，也难怪，人家懂球，让外地那些糊涂蛋们羡慕去吧，你广东有恒大，有京剧表演艺术家吗，你有艺术家，有懂球的艺术家吗，有钱能使鬼推磨，好，今晚冤鬼们都去恒大集团家里推磨去,1
//@那时柳色如烟:都TMD高调出场，能不能踏踏实实做点实事！？,1
忙丢掉，拿另一块，众人大笑，她急看：只限男性出入！,1
非常十分不愿意打扫卫生。,1
我们单位是一个好单位！,1
不让他们知道微博多强大我都不是他亲爹！,1
这样造谣的贴新浪应该删博主的ID吧!,1
都应收起你们那：冷冰冰的态度，不屑一顾的表情，装清高的臭脸，你们该明白，纳税人是你们的衣食父母，早已预付费用，他们去办事等于是去消费，不是去求你们。,1
但愿老天有眼收了那群SB党！[怒],1
侮辱公众智商的捆绑销售…,1
他必要对自己的言论承担责任吧？,1
一口老血喷屏了！！！！！！！！！！！！！,1
三次元忍够了！,1
尼玛自从进了苦逼团，日子更苦逼了！,1
先考核官员再说，别老捏软柿子，笼络民心而已。,1
不服啊。,1
就喜欢身边的脸很丑但很瘦的女人穿着你穿不进的美衣？,1
身体这么差都是这样熬出来的 他只有SJ只有ELF了 不懂就算了 到头来付出这么多血汗换回来的是各家唯饭的骂名 你们的良心被狗吃了？,1
太特麽苦逼了！！,1
别傻了，人家过得开心，何时在意过你的感受与想法，死了这条心吧，你懦弱就懦弱在你不该如此感性。,1
每天到公司的第一件事情就是打微博，第二件事想想今天做什么，第三件事想想中午吃什么........,1
强拆？,1
雪游故宫坑爹图——你好，爱新觉罗-约翰！,1
晕，刚刚对地铁报有点好感的时候，竟然被这个雷人的头条给郁闷了。,1
招行大大提升了中国的结婚率哇！,1
难道这就是政府给我们做出的示例：以后酒驾了就锁门先跑，然后换一个没有喝酒的来罚款200搞定！@昆明警方,1
同样是采访，对雇凶报复的罪犯是毕恭毕敬，跟对待英雄归来似的。,1
男人喜欢看这种？,1
她根本就是个没有仁慈之心好名利的人，8年前她接受专访就把我定为传播淫秽物品罪，搞得媒体跟风妖魔我，官方封杀我，让我这些年遭受各种不公，而她明确表示没看过我作品，如今她一开口又是不赞成我暴露隐私。,1
两百公斤玫瑰花瓣就这样被狗日的贪官给吞了……,1
弄个硫酸枪，看谁敢上前找不自在！,1
这么陈旧且带有歧视的称谓该改改了,1
中国人建的效率高，但拆的效率那就更高了，代家湾那么大片拆干净了，同样中国人不要脸的水平也绝对世界第一，坏的都是好的，好的还是好，宝鸡啤酒全国十强，几十年前的事了,1
你每天不喷哥是不是觉得霓虹的生活就无法继续啊。。,1
中国人真正傻的极少，真正懒的也极少，许多地方的落后，皆因智力和勤奋都用在互相倾轧上了，如此导致之贫，只能说活该。,1
中国的高等教育.....,1
不胜其烦。,1
就随便优越优越呗反正不加税，啧啧，傻逼哪里都有就对了,1
"奢华被达芬奇毁了,315被国美毁了;",1
这年头都艺人亲自扛行李，助理操手当大爷啊╮(╯▽╰)╭,1
讨厌鞭炮，这巨响的炮声让多少老年人为之惊吓，让多少孩子恐怖惧怕，为啥要把一个调节气氛的鞭炮发展成讨厌的巨炮了，为啥不能控制一下降低点这巨大的噪音强大的火力呢？,1
中国现行的教育教育出来的学生脑袋里只有理论，没有时间去创新，这是我国教育的一大败笔,1
太惊悚了，这是什么情况，枪也有问题，伦敦奥组委可以反省一下么 我在:,1
竞争压力再大，也不能做这样的B事啊！,1
一个拿了四大满贯的英雄，你们有什么权利去这么职责和黑他,1
一个有趣的TVB43周年台庆视频截图GIF，注意欣赏图中红衣小姐的眼神、表情和动作，实在是一出TVB友谊小姐官场现形记，真是戏如人生，人生如戏，TVB完全可以拍一部现实版的宫心计了。。,1
湖南卫视你就有这么抠哪，那台历居然平信寄起来，搞得被压坏了，我看贴邮票也贴了5块3，你一个省内快递的钱不也就这么多…,1
TD的专利里面中兴占了最大头，可是这几年中兴就没给TD造出什么像样的手机终端来，他们作的最火的V880竟然是Wcdma的，你说搞笑不？,1
您还想要面子就别雷我了.........,1
一财网的同志们看到请转达一下，你们现在底层编辑发的、改写的稿子有很多不实报道，请注意清查，否则哪天被哪家机构盯上了，死都不知道怎么死的。,1
被黑耍大牌也能收饭啊！！！！！,1
果然艺术啊！！！,1
吃不到那啥就说那啥酸吧。,1
想到近50的打车费也木得报销，决定不要加班还做白工。,1
你太坏了。,1
听到这一段真心崩掉了[bed凌乱][视频],1
这样的愤青哪里配当愤青？,1
//@郑褚1982:谁编谁有病，谁信谁脑残,1
检察院竟冒充工商局，酷刑逼供，非法关押取证，区法庭拒绝六位证人出庭偏听偏信，事实清楚而法院枉判。,1
历史图片：镇江市钛粉厂每天大量的化工污水排放长江，下游不到1000米处是丹阳市自来水取水处（摄于世界环境日刚刚过去的2009年6月10日）。,1
太搞了，卫生部放射卫生防护标准委员会委员邹剑明竟提倡喝碘酒、在脖子上抹碘酒这种土办法来预防放射性碘的摄入，认为会有一点防护效果。,1
我有一个梦想：永远生活在新闻联播里，那里物价基本不涨，交通基本不堵，环境基本改善，罪犯们基本落马。,1
副厅长说与苏楠关系密切，而且据说该车牌登记了两辆车，这两个关系都搞清楚了吗？,1
至死不渝！,1
认为龌龊的是自己思想龌龊了吧？,1
哇，幸福的好纠结啊。。。,1
如此神圣的赛场却让观众觉得前所未有的心寒失望。,1
拿学历人身攻击真没见过这样没家教没素养的人。,1
良民的生存环境太险恶！！,1
这两天心里特闷的慌。讨厌这种感觉。,1
//@我要六分:是考试的压力太大，社会人将考试亿倍的放大，我们考不好说我们无能是勺，,1
今天早上看到一名郊区拦下了几名带着人的电动车，原因很简单因为直通车车上坐着两个人，我就纳了闷了，既然这个样子，那为什么不直接让生产摩托车的厂家只生产单位椅的电动车呢，做事不从根本做，有个球的用啊。,1
分两天看完了《高地战》，这样的作品拿去申奥真毫无胜算，感情表达方式简单粗暴而且拖沓，把经典战争电影几乎抄了个遍，西线无战事、圣诞快乐、细细的红线、全金属外壳、兵临城下……,1
你就一小P孩！,1
看着花哨，用起来难受至极。,1
你们也不懂？,1
好烦好烦好烦好烦好烦好烦好烦好烦好烦好烦好烦好烦好烦好烦好烦好烦好烦好烦好烦好烦好烦好烦好烦好烦好烦好烦好烦好烦好烦好烦好烦好烦好烦好烦好烦好烦好烦好烦好烦好烦好烦好烦好烦好烦好烦好烦好烦好烦好烦好烦好烦好烦好烦好烦好烦好烦好烦好烦好烦好烦好烦好烦好烦好烦好烦好烦好烦好烦,1
清穿如此消魂，当给于妈记大功。,1
电脑因停电而非正常关机 ，再次开机时系统提示windows文件丢失，要运行chikds来修复，运行修复完后提示要重新启动，结果关机在启动时，就是彻底丢失，必须重转系统，三月来，系统崩了两次，真是郁闷人啊,1
先不说是否劣质，就只长得一模一样这一条，就知道中国孩子有多悲催，为什么要争先恐后往外跑。,1
坑爹的体检21就检查心跳抽血血压和胸透。。。。。,1
所以说呢，对那些喜欢犯贱的人不必放在心上，放宽心，他动粗，你冷笑…,1
记者的时间就不是时间了。,1
[鄙视] 半夜我的内裤会偷偷爬到上半身做坏事么……,1
还有你们要不要长那么挫啊！！,1
忙碌的一天 诶 下午的时候真是忙死了·~~,1
他们会在灾难之后宣称，没有危害，一切正常……,1
请不要将没有准信的事情随便用官方名义发出来，也请庚饭们时刻保持理智，不要随随便便被人利用了热情！,1
各国老外更方便到中国来当人上人了。,1
而且是那种颤抖而醒的…,1
二B。,1
暴风：一直在流氓，从 未被抓住；,1
国外灾害的时候没见你们去考察啊？,1
下午要不要上班，[思考][思考]怕被叫去验尸。,1
英国122历史就扩张掠夺，建立它的日不落帝国，广告的前不半段好像在战争面前显得那样无辜？,1
这也是受到分行肯定的，因为他们老不同意我们搬家～～～,1
唉，咱们能不能淡定些啊～～～[右哼哼],1
所以艺人喜欢无耻炒作，皆为钱也。,1
说要求男人节的，实在是神经了。,1
这就是你们爱自己IDOL的方式？,1
你信或者不信，宫真是个盗版，没有版权；,1
宿舍地板上都是大蚂蚁，没法待了@GARY陌景韵 去打球！[怒],1
越来越讨厌晚上只有我和儿子一起吃饭！,1
//@谷风GG:还不够豪华？,1
北京为毛要早上结婚！！！,1
更常见的情况是，品质与财富有相互对立的一面，为富不仁要求的恰恰是具有剥削别人的能力和手段，而又不会对弱者或者不幸的人感到丝毫的同情和怜悯。,1
我英明神武的党为什么还不发威呢？,1
很不明白一个男人，在十几平米的小屋想好日子，而不知道每天比别人多干几个小时！,1
"何小姐,就请你把白果吃到饱吧.",1
两部戏一部比一部虐人心，让我这个处于各种煎熬各种寂寞的人更痛彻心扉了。,1
它能做什么?”,1
我以前对英国佬存在很强烈的好感，看了奥运会之后，就彻底失望了，是经济危机造成的吗,1
"且不说那第二个点球的事情,罗比那个单刀吹手球也太SB了啊,裁判是一开始就算计好了,你就算是进了我也得给你吹了.",1
我看够呛。,1
泼冷水的人，请摸着良心说话。,1
为什么这么难吃还这么贵 （大众点评网 不能相信 有虚假成分）,1
恨恨恨！,1
怎么最后都会是这种结果！,1
两会从规模、时间、地点等都需要改革，更要改革的是如何不重复老文章，我看到的绝大部分报道，以前都看到过，包括少数民族代表的鲜艳服饰，服务人员的灿烂笑容，听完报告的激动心情等，我敢肯定，三八节那天的报道肯定也似曾相识,1
给我取快递的人叫 孟雪飞，电话是18001387059，大伙没事帮我慰问他，越晚越好，至少我每天晚上都会慰问慰问他。,1
台湾地方太小，媒体太多，公义太少，名嘴太毒，人民太盲，政客太霸，官员太懦，舆论太偏，议题太流，风气太俗。,1
剧情进行到一个小时的时候，俄罗斯总统和美国总统已经都被毙了，核弹已经对准了麦加，无语。,1
貌似里面每一个人脑子都不太正常，两个男主角都是摇摆不定优柔寡断没用的懦夫，女主角做小三还做得理直气壮，被欺负的那个还要忍气吞声屁都不放一个。,1
一定要有社交性才能赚钱？,1
连吵架你也不会。,1
很多家长都不允许学生时代谈恋爱，甚至在读大学了还有很多家长反对恋爱，但等到大学一毕业，所有家长都希望马上从天上掉下来一个，各方面都很优秀，而且最好还要有一套房子的人和自己儿女恋爱结婚。,1
//@微小说日报：红歌唱或听多了的人，怎么还爱看三级片？,1
我只打开了自带浏览器上新浪网，体验不好，因为用的是电阻屏，触摸的手感不舒服，双击网页放大，就是慢动作，卡的不行。,1
是谁说&amp;quot;养儿防老&amp;quot;的?,1
我现在也很想摔东西~~烦躁!!,1
本来挺好的脸蛋为什么要整的面目全非呢？,1
觉得两科都难噶就勉为其难叻、觉得两科都易噶去吃shi！,1
其实，在床上，只要男女双方的话题一旦涉及到两性情爱，女人几乎说出的每一句话都是谎言。,1
我站得太久说的太久了我自己都累了，你怎么还是听不懂？,1
在居然之家门口成功劝阻了一起打架事件，唉，不敢动手就别叫，你来撒，你要偶该咯，看得我直急，干脆叫个保安劝一下吧，丢人现眼,1
这么大的品牌，客服怎么就做不好呢？,1
哎！,1
这个时代的独裁者，比哪个时代的都可耻。,1
还否定别人的言论！,1
尼玛学的都TMD简体还降低[奥特曼],1
看到这几天网上两会的消息，为什么咱们的人大代表提出来的东西都那么荒谬？,1
人民B说：哎呀我在非洲，赶不回来啊。。。,1
猪们吃得太香、睡得太甜，肚大肠肥的感觉很幸福。,1
为烂片献身，是求财还是求名啊？,1
创业者什么时候这么不实在了。,1
#亚历山大和倒霉、烦人、一点都不好、糟糕透顶的一天#闺女非常招蚊子，出门的时候我给她用驱蚊贴，再加上驱蚊花露水。,1
//@zs戴可儿:我只能请你吃大排档和路边摊；因为我是穷人；我说了呀；大酒店只能是好看不好吃；期待,1
是媒体的悲哀吗？,1
好假，又耍罩子。,1
想的都很美啊！,1
不懂不明白不理解也不在乎，就像当年的蜗居一样我对这类题材不感冒，看影视剧本来就是一种逃避现实的手段，连这也剥夺不觉得残忍吗？,1
"姓名,出生日期,学校,电话,地址等信息之全，让考生完全没有隐私可言！",1
最差的是大学，国家垄断、质次价高。,1
最可怜，非康熙莫属，乱伦轰顶。,1
在这里，抛弃生命远远比买盒套套显得高尚优雅！ (转),1
付费享受服务有什么不对,1
大家看看居然还有人投票说不需要，俺溪水人去批批那些人把,1
≧﹏≦ 剩下的 绝壁都是沙壁 不解释,1
毛线，怎么装都没我可爱…,1
十分可笑的是，医学院，尤其是中医学院的，只会教学，不会看病的比比皆是。,1
"我们爱国，但政府却不怎么相信我们，把YouTube ,Twitter 等给封了，这样造成我们在这些影响力很大的网站势弱了，我们随便一件事都可能被敌人或5毛所利用，而我们又不能去辩护，去反击，共同去维护我们国际上的声誉！",1
不是他妈的机器！,1
发现微博的android几个版本都不怎么样，这块蛋糕为什么没人在上面完善一下呢？,1
不要五进四重演，不要在因为后悔而流眼泪。,1
这些肮脏的人还振振有词呢?,1
每个台都有一个唱歌节目，每个台都有一个相亲节目，每个台都有一个闯关节目，每个台都有一个心理兼吵架节目......,1
还有那边走边吃着包子，喝着豆浆的武林高手，一下车就张嘴骂街的怂逼。,1
出奇的烂，根本一点咖啡味道都没，而且出品速度也很慢.....,1
毛贼，你有点出息好不好，连故事机也偷，莫非你家也有呀呀学语的宝宝？,1
一面是靠剽窃坑蒙拐骗忽悠课题诈取钱财为生的东郭先生满天飞，一面又搞血统论人为抬高进人门槛。,1
卧槽，还让不让人听歌了[抓狂] [抓狂] [抓狂] [抓狂] [抓狂] [抓狂] [抓狂],1
中国这个国家真是没希望了，我刚才放到博客中国上的那篇文章，没有几个看得懂的，全是些浅薄无知之徒，这个国家算是完了。,1
就算不认识字但是没对齐都看不出么。。,1
你写的狗屎体诗我就不说你什么，别出来丢人,1
一出车厢，一股热浪滚滚而来，天气比南通更加的热，这个天气太热火的无法适应。,1
您头38年全白瞎了。,1
有些无赖国家的媒体，不拧着腔调说话好像会便秘：BY即将以保护叙利亚人民为借口打击叙利亚；M国以安全为由撤回驻叙大使；……,1
@七雪本尊:你果然习惯了画暗黑系的那么明媚的气氛都能让你画出一种萧瑟的赶脚XD,1
现在真是不喜欢到街上，,1
#嫖宿幼女罪# 惊闻地方很多官员犯了该罪，众人指责法律纵容犯罪。,1
所以不恭维！,1
如今国民党输了、法院也平反了，居然海峡对岸有小人，拾国民党余唾，捡来蚍蜉撼树。,1
就不能花几百个亿让月亮露出来让老百姓真高兴一回？[酷],1
第一，居然把公司2025年的业绩贴现来估值现在的市值低估了50%！,1
《孔子上-访图》也删啊？,1
这种人心理一定不健康。,1
超热的一个上班的早晨，挤瘪人的300路公交车上，一占地面积偏大三十来岁穿着体面皮肤挺好的典型北京爷们儿一边不停抹汗，一边操着一口京腔打电话：那孙子说要参加婚礼跟我换几天车用用，他妈的到了地方我给他车钥匙他丫给我一公交卡！,1
//@萌宠心语: 除了说粗口，骂脏话！！,1
不给国军将士立碑也就算了，自己人也这么过分，以后谁TMD断后啊？,1
那货不是太师，那货不是我家太师！！！！！,1
而对被打的打假者，却跟审问犯人似的。,1
"素质如此不堪,谬论一出，骂声一片！",1
当你离开我的世界，我也能获得一片安静。,1
哼！,1
那个不懂装懂的赵南坊？,1
还是用地沟油烹毒火腿好呢？,1
瑞星：一直在娱乐，从来不杀毒；,1
//@陈宝存:所以我说政策越来越不讲究了，当然也越来越没有效果。,1
这只搞经改、靠特殊优惠发展的深圳一开始就是怪胎。,1
什么叫中医治骨折？？？,1
原来他装了个钛合金狗头！！！,1
起那一大早，走庸俗的路线，听导游背熟到没有逗号的话…,1
我不喜欢AJ ·······,1
同样是香港女歌手的国语碟，连播《ready or not》之后再播一张《无名诗》，顿时觉得耳朵被净化了！,1
都鸡吧扯蛋！,1
我内牛满面了，一锅两制你还能理解么。。,1
我觉得孙皓晖先生的《大秦帝国》把秦军写得像传说中得八路军一样的威武之师正义之师爱民如子秋毫无犯总是那么英勇正义，有点搞笑，让我这个陕西人虽想自豪却有点不好意思。,1
专门为人做嫁衣的人就是S 13,1
"我郁闷呀[泪] 大家注册微薄的时候能不能放张头像,别那么小气呢…",1
这事儿比核辐射来的还突然，全天没有一分钟在开小差，收发邮件，现在还要写方案在加上凄凉的晚餐，我恨方案！,1
人才啊！,1
//@南通老新港镇: 中国最下贱的就是公务员！,1
一个曾经辉煌如今落魄的男人先后娶了3个老婆，但均未登记。,1
执法部门不作为，等于犯罪。,1
批评中国，是批评她的体制和缺点，不是反对中国国家利益。,1
你能让我测出网速嘛！！！,1
他悄然无声地让全国人民再次见证了一次信赖危机！,1
还要上课！！,1
PS：秒你妹啊，木有钱了还秒…,1
这不是实话吗？？？,1
这种骨子里的自私，才是我们真正应该反思的~~,1
有木有。。.,1
美帝官员最爱吃中餐，顺便还能陷害我国清廉敬业的领导，美帝太坏了,1
没有法制的法洁社会，只能这样喽~暗箱操作~电话受命！,1
刺锅子的心已是伤痕累累！！,1
没有证据的危言耸听还是少说的好。,1
考虑的只是自己的乌纱帽而已。,1
狠狠踩啊，挑拨的欢啊，大喊草包王道啊！,1
有钱没钱，有老婆没老婆，出来乱搞，得夸着，得哄着人对吧，好好一事，非弄得奸夫淫妇似的。,1
他们怎么忍心让这么善良的宝贝受伤？,1
都什么事啊,1
法克！！,1
大人胡乱编点童话、儿歌或是什么道德故事，仿佛就是对孩子们的大恩德。,1
警车为一个戏子开路。,1
我们本来就不是完美无缺的人，所以事事不会做得完美无瑕，,1
叫你的珊瑚鱼去吧,1
又是谁赋予你们垄断的权力呢？,1
是喝杯甲醇酒好呢？,1
上海某地产城投公司本月起停止向银行偿还流动贷款。,1
如果是有意；是糊涂，如果真不懂。,1
女生大二时急着找男朋友是因为终于发现了大学生活是多么的空虚和无聊。,1
活该被人抓去当实验品啊，真是笨死的= =,1
你其实是揣着明白装糊涂，无非想引人转贴罢了，贴写得不错，但理非如此。,1
说白了，还是姐你不差钱！,1
房价高是因为老百姓太有钱了，火车票太难买是因为票价太低了！,1
妈的，什么狗屁编剧啊，潜行的结局也太残忍了点吧！！！,1
［花社视点］现在有人故意混淆国家利益与国家体制的区别。,1
你那叫流浪！,1
接受个弟啊！！！！！！,1
兲朝的这些垄断企业永远只挑那些对自己有利的来进行国际接轨,1
请问他们是怎么当上人大代表的？,1
嘿嘿，你肯定不知道摩尔多瓦是哪个大洲的...[挖鼻屎],2
深夜来张刺激的艳照门~~ Ps：先申明不是俺本人哟。,2
我的开心魔力减肥咒！,2
",母亲大人你真相了^O^",2
骐骐今天最后一天考试，英语和数学，昨天和我说自己很担心，说是自己对数学老师立的目标是95分以上，怕自己太不到目标，妈妈告诉他成绩无所谓，尽力就好，放假啦，妈妈也解放了，不用天天早起了！,2
大菠萝来喽~哈哈~万众期待的畅销动作角色扮演游戏《暗黑破坏神3》正式启动封测。,2
[哈哈]笑SHI我啦！,2
我结确实给我妞带来很高人气，当然这和他们俩的付出也有很大关联，真美好啊！！！！！,2
也许大家是不大喜欢ZARA...但今天逛了三遍，三遍都有收获，我想，可能是因为只有它没有在排队啩，胖子买到几条合适的裤子好嗨心呢，只是一个月工资怎么就没了呢。,2
终于等到我家春春@李宇春 了…,2
"这个是1.45PIXI测试图片~WIFI环境~电脑显示这个是3GQQ,但是也多好~哈哈~",2
归途，放着陈百强的偏偏喜欢你，有种穿越时空的感觉，晚风微凉，不停地透过车窗撕扯我的长发，席间回忆迷笛的激情和离开时的狼狈，回忆某年生日去了西溪，山中几十人为我庆祝，偷偷背上山的红酒和蛋糕，还有那一捧欲滴的野花。,2
能吃能睡心情好！,2
通过我们和腾讯有关部门的沟通，QQ群现在有许嵩(@许嵩) 分类啦！,2
回复@脸时代:谢谢美国友人[握手],2
[红桃]我们都是爱丽丝~\(≧▽≦)/~啦啦啦[红桃]??~,2
朋友们，谢谢你们了。,2
收到@Panvi盘唯 的C150啦[抱抱]！,2
土8路有开空调　好凉快阿~~,2
蓦然回首处，伟大滴安爷爷，居然成了业余爱好者~[哈哈],2
所有事情全部亲力亲为~~~真的很感动！！！！,2
劳资激动了有木有！！！,2
昨天去书店淘到的「不语森林」，居然找到了…,2
他们下飞机的第一句话就是我们可以去坐索道么 我说可以 抽空带你们去 他们说我真够义气,2
#记录生活点滴玩转GF5#GH5性能很好，又便携 哈哈，终于等到这个活动喽。,2
这次看到这么多火红的花儿，好开心！,2
还好多镜头呀！,2
懂得和把拔一起逗麻麻开心~~~~,2
祝各位女士们三八妇女节快乐....,2
看的我热血沸腾，心潮澎湃啊！！,2
哟嚯嚯嚯嚯~~~~~骨头生日快乐[蛋糕][蛋糕][蛋糕]（其实我想把这图弄成黑白的！！[km切]）,2
[干杯][干杯]叔叔婶婶厨艺大增啊~~~[哈哈][哈哈],2
迅哥你这是用生命在自拍吗！！！,2
回复 @accton:呵呵，其实我只是试试咆哮体写法。,2
没有很冷，，（[懒得理你] 旁边有人开口：因为家里开着暖气，，）哈哈，，今天在飞机上空服员广播时说英文没说好，她说（Ladys and Gentleman...）说成：「类地生 砖头们.....」我一听！,2
//@M小双:是很牛逼的日子…,2
哈哈哈，俺家猪小白某次剃毛，她爹手重了一点把PP毛给剃光了，自卑了好一段时间，一看到人就往地上一蹲，把PP藏起来。。,2
我现在也很兴奋,2
我爱记歌词&歌舞青春 这个周末真Happy ！！,2
节日快乐，姐妹们!,2
节日最好的礼物是，客户对活动给予了很高的评价！,2
哈哈哈·说话的味道越来越像我了·全都文绉绉的~真的看得很不习惯·完全不是TA的风格····,2
今明两天连场华雅华天，中午主持完下午三点彩排，于是决定就在华雅慢慢等了，等待往往比较漫长，脚说最近每天忙，得让我放松一下了，于是打算去足浴，可刚要动身，肚子提醒我，注意饮食比保健更重要，果断采纳它的意见，填饱肚子再说[偷笑],2
幸福阿。,2
~最难忘的就是那次伊春冰壶报道，想起就欢乐~~@CCTV5体育星探 加油哦！！[bofu扭],2
明天我会准备一点小小的礼物，嘻嘻。,2
此时东海大伯从苏州风尘仆仆地赶到了哈哈哈哈！,2
晚安！,2
[呵呵] 大家给的想法我们会转告，尽力沟通。,2
//@小萌萌萌萌_: [鼓掌],2
感谢丹丹小姐昨天长途跋涉赶回来陪我过节＇在火锅红酒的围绕下携手迈向2011。,2
第二个付款果然好[偷笑]第一排中间有木有！！！,2
[汗][汗] 我家老外的特色吖！,2
好消息传来，问题解决，瞬间心情大好啊，刚才还直想自杀，现在想要下班去吃个堪比百忧解的马卡隆。,2
哀哟喂，终于到北京了。,2
这个戴着个性面具的银素谁.........?[偷笑] (提示:德甲球员[偷笑] ),2
今天，除了感动，开心和感恩之外，最大的感触就是...,2
[赞][哈哈] 我们爱讲冷笑话:趁年轻 赶快留下点什么吧~[奥特曼],2
都记得看啊，有人的捧个人场，没人的拉人也得捧个人场哈！,2
可心情真好！,2
哈哈哈哈哈哈哈笑成傻逼,2
今天终于把各项方案都确定了，心情大好，周末可以偷偷跑回上海，这两天可把我愁坏了，脸上又起了一个疙瘩，能看到吗？,2
嗷嗷！,2
期待的心情，音乐的震撼，旅行的脚步，深深的想念，她给我的。,2
现在的我，真的很幸福。,2
喷眼泪感谢。,2
//@笔岸开花:噗，周笔畅你够了 #周笔畅天声一队#,2
一个个兴奋不已！,2
[偷笑]看完视频后各种喜欢啊有木有，你家谢娜知不知道[嘘]她不知道。,2
等待的漫长都抵不过这一刻的喜悦,2
瞧着这小样儿，突然间感动了，爸妈怎么把我拉扯大的呀～～～,2
搓背大妈叫我小姑娘[偷笑],2
碎觉碎觉啦。,2
才发现许多的美：小镇打造的美，艺术家们的画美，主办方的人情美，还有住的美吃的美......,2
今天中午小睡了一小时，发现能在办公室平躺下来做一个美梦，太幸福了。,2
@-大熊喵 等的你考试呢时候也会有我照片呢[哈哈][哈哈][害羞],2
我见到老大了，见到大头粑粑，见到晓晨了，我得瑟啊。,2
噗，还有同党啊捶[偷笑],2
真的很兴奋——人无论多大年龄，被人肯定，总是快乐的！,2
今天是个好日子。,2
于是乎快快乐乐的过吧，表白的还是得表白是吧﹁_﹁晟敏偶吧撒狼黑~（咳……）,2
官网给力四周年视频祝福稍后后后后后闪亮登场。。。。,2
因为参加周笔畅的转发活动人数很多，于是我们又申请了一个小礼（签名吉他），本周日下午三点悦达889周笔畅签售会到现场且有购票者，有机会获得这份纪念品哦！！,2
看老板自豪和严肃的表情，像是说咱们新世界的酒真给力[给力] ，旧世界的要加油啦[酷] ！！,2
哇哈哈~我从花样男子的农场里偷偷收割了好多资源！,2
我家lulu今天最成功的就是这个了[欢欣鼓舞] [欢欣鼓舞][欢欣鼓舞][亲] 妞在挑逗偶我呢[得意] ！！！,2
各位班长、士兵们过来顶起！,2
写微博的那股劲！[哈哈],2
皂片是货真价实童叟无欺的从泰国坐灰机过来滴！,2
而且有时候被大雨淋湿满心沮丧坐在一个冷清的小馆子里叫一盘红烧肉吃，却突然发现肉里面夹杂着的虎皮蛋才是人间美味。,2
今天终于实现了从去年年中开始的想法，请了一尊古曼，一尊食小人，一尊人缘郞勇。,2
这个新年，在微博看到两个同事回家结婚了，荣其和吴骆明，一个年青，一个成熟，两个都在中原工商铺奋斗了好多年，真替他们高兴，不过以后他们的压力会来自老婆大一点，还是上司大一点，我有点好奇，待见到他们八卦一下，呵呵呵。,2
[國旗] [國旗] 今天会是一个美好的开始，假期我来咯~~~明天向下一站出发[耶],2
哈哈哈哈哈哈哈，很像是水浒锻炼时的作息时间：）,2
你的不离不弃，也会是我对你的用心对待...............,2
话说要感谢某位大叔~嘿嘿。。,2
我旁边一大叔还说，那个五筒中间要涂红噢！,2
//@大玲子__: 哈哈哈哈，我就是喜欢他这个样子,2
不过红帽子什么的真高兴~ [害羞] 辛苦今天参与外拍的每一位模特跟师弟妹 鞠躬~ 谢谢你们配合我们退休前的最后一次疯狂。,2
谢谢大家的祝福，我就不一一转发刷屏了哈，app短信微博回不过来，这感觉很奇妙也很幸福。,2
元宵快乐！,2
今夜没有回家睡觉 留宿茜爸的公司 茜高兴坏了 玩累了 进入梦香,2
[哈哈]采血证，，，笑死了！,2
一天唔唔咋咋一身能耐 就是不出息[哈哈],2
立刻去报刊亭带@女友花园 回家[健美操][健美操][健美操][健美操],2
觉得无比方便无比流畅，在晃动的公交上打字从不会按偏，接电话也不会因为脸大而误挂电话。,2
报告大家一个好消息，虽然零下十几度，虽然寒风一直吹，虽然我连棉衣都没穿，但是我带了棉手套，厄~跑题了，但是我和大家一起迎接到了2011[手套],2
哈哈`,2
要的就是这种感觉！,2
欢呼吧。,2
辣子鸡好开心好开心！,2
今天听了陈奕迅的片尾曲《等你爱我》，反复听着歌，看着面画，那些曾经年轻的面孔已经有了岁月的痕迹，感谢生命中的他们让我们成长、沉稳、成熟……,2
哈哈哈··,2
哈哈哈哈，2，还有比2更贴切的字眼么……,2
自慧心理:网络用语等级考试阅读题：亲耐的童鞋，盆友们，很高兴我们在围脖里相遇。,2
今天阳光好好!,2
没灯牌的姑娘效果看过来呀么看过来~~[ala啊哈哈哈]【七年不痒】【魔都】4.7硝烟起。,2
我记得这期里有2个待产妈妈的=.=，还有个妈妈生的时候我特儿那纠结+害怕表情哟...0.0,2
有奖竞答开始啦~~~本月18日Avis中国将迎来8周岁的生日啦，大家来猜一猜Avis国际租车在全球有多少年的历史啦？,2
因为你是开心果啊铁达尼亲亲[爱你],2
//@师思s:haha,2
看到一半到了五点，校园广播响了，是Yoga的《想自由》~ 刹那间，我有种特别幸福的感觉，这种闲适的校园生活……,2
正是：群里战友常相见，思念问候一指间。。。。。,2
//@陈晴OSY-400:这图片也太搞笑了[偷笑],2
）[偷笑],2
首个亚冠比赛日让中国球迷异常振奋，不光是因为天津和杭州为中国足球带来了两个三分，更关键的是，在亚洲杯失利之后，在中超联赛下滑至亚洲第六后，终于有人，有球队站了出来，用实际行动告诉所有人，我们中国的俱乐部没有掉队！,2
他还自己给写ps 意思是一直很感谢！！,2
是不是很给力！,2
[黑线] //@张佳栋_极先锋:[哈哈] //@刘大侠行走江湖:从 凶凶鲨 变成 笨笨鲸 了[哈哈],2
都激動.,2
目的明确 行动贯穿 各路神仙保佑 2011～,2
旧家不是一般的热，热的做梦都梦到去买冰激凌，结果一口还没吃就被老妈开门给吵醒，我的冰激凌啊[泪] ，，，,2
[挤眼] 新年睡了个大懒觉~哈哈，昨晚的倒计时错过啦，因为重温了一遍宝贝计划~寒假走起来，大家都来看电影！,2
[哈哈] 大工程啊 哈哈哈!,2
双J出来的时候 我拼了命的在下面喊&amp;quot;羅 志 祥&amp;quot; 就差冲到台上把周杰伦拉下来了 我都替自己感到骄傲,2
在吃过青岛机场八十块一碗的面和昆明机场九十八块一碗的米线之后，在首都机场吃到二十六块一碗的牛肉面（注意真的有牛肉），我觉得我北漂也值了[泪],2
谢谢心如送的花，心里暖暖的!,2
搞笑的系，她学会用QQ交朋友，还跟网友聊电话呢！,2
//@圜熙俊:这地方怎么那么熟悉！！,2
我爱302，最紧要爽吖，哈哈.....,2
好吃P，无药医~ [偷笑],2
还是很开心的…,2
回头生个排！,2
~建议各位亲们选择环保出行哦~4月29日，我们在武汉欢乐谷等着你~[太开心],2
说点好消息，我的一位同事上周生了一个女孩，今天去看看，老听朋友同事讲她们闺女的事，好羡慕～～,2
大家的祝福，生日的喜悦，在今天沸腾吧。。。,2
最神的还是这翻译，太逗了！[哈哈]让你笑崩的视频：,2
要不咱就妥协哈,2
没有后悔药，我最恨的就是对不起三个字，我就从来不说对不起，我只说不好意思[嘻嘻],2
回复@沃阁酒店任宁:说定了![心][萌],2
我当时很感动，感谢他们对我的理解和尊重。,2
答应自己~今天要快乐！！,2
好！,2
[兔子]孬说:你去参加花儿朵朵吧~~ [懒得理你],2
COCO：太阳好好哦，难得的太阳浴，偶要晒晒偶的滴白肚皮！,2
这就是大家经常说的痛并快乐着吧？,2
鞠躬，大喊谢谢领导，蹦跳而出ing[乐乐],2
纠结了很久，终于和老大明天请一上午的假，去参加小朋友幼儿园的亲子活动，老大很爽快地同意了，是个好老大。,2
没想到这么快就收到了啊，我以为要十一月了。[爱你][爱你][爱你][爱你][爱你],2
啊哈哈哈哈！！！！！！！,2
今天很开心，这几月来的工作终于被领导认可了，今天一大早来，领导说你什么时候来的，我还给懵了一下，我说了之后，领导说我申请给你涨工资吧[呵呵] [鼓掌] 我以后更应该踏踏实实做人，勤勤恳恳做事，这是我以前高中班主任给我们班每个即将毕业的学生说的话，当时的我还不以为然，现在我终于感受到了,2
感恩!,2
今天是和大学的同学相聚在一起真是快乐得什么都不用说我就听着那些当年的哥姐们在说着那些今天的我听起来十分可乐的事再看他们一本正经地在争论时我真是由衷地感到了一种人生朋友在一起时的快乐只不过现在看他们真的是韶光易逝不过一位同学坐下看了一会儿之后就觉得大家又回到了当年的样子了。,2
~看一次笑一次~太逗了~,2
开心的度过每一天，肆意享受活着的温柔，有了太阳的照耀，让谁想起你，都难免会嘴角上扬的微笑。（午安）,2
这破学校好不容易请一次明星，虽然不是我的大爱，多少捧个场去~~哈哈！！,2
逗死了。。。！,2
[乐乐]醒来看到国足、莉莉、娜娜都输了呃。。,2
身体当然要健康，工作一定要顺利，新的一年里神马都给力！[鼓掌][兔子][微笑][微笑],2
哈哈~ 我们的合照是头碰头滴...,2
我笑死了…,2
谢谢！！！,2
幸运的是，买来的书绝大部分都很满意，对自己的眼光赞一个，除了《林徽因传》的纸张稍稍有点薄哦...,2
晚上姑妈一家人过来玩，我和开心回去得晚一点，开心一进屋看到客厅坐满了人，特别是我妹那火热的娜式热情，居然吓得哇哇大哭，躲进卧室，任凭大家轮番威逼利诱，说什么也不愿出来了。,2
呵呵，我闹钟,2
能清晰得听到天鹅的鸣叫。,2
无新浪logo^ ^ 啊啊啊啊..,2
"好吧,你好了就成~果然吃的最能治愈你~哈哈!",2
刚才收工去找胡哥聊了一会儿天，真开心！,2
SMT上木有始源~~~啦啦啦，你知道我说的是哪几个的~~~哈哈哈哈,2
有你的等待，真好。。。,2
欢迎你，2011，新年快乐！,2
好欢乐的花絮照~,2
只要你们的翔哥哥开心，果果就开心！！,2
为了第一时间让大家看到结果，就不配图了啊，嘿嘿。,2
老路春节这几天一直没有写微博，感谢各路博友的@新年祝福 ！,2
我开始500一笔的充，充到4000充的手软，然后很高兴的还款！,2
哈哈哈老拽，这张太帅了，这个可以有,2
我等明天给大家看看啊~~~~,2
//@蘇桐可可兒：回复@21_Pear:我打你哦 这一步跳的太快了不干至少先耍个t撒[偷笑],2
XXX！,2
我争取睡觉时不笑出声来！[六一快乐] [萌],2
又开始打折了！,2
//@潘石屹:《打苏宁指挥部》，笑死我了。,2
@小毛cat 五角场nine west部分五折后满300减80[哈哈]我抢了双回来~最后一双7.5码 我怀疑我的脚变小了……,2
活动相当的成功啊，谢谢到场的每一位，谢谢MIC男团，现场秀的RAP非常非常棒，当然了也是杨老板写的棒，哈哈总之谢谢大家，谢谢了~,2
哈哈哈~~~~[哈哈] ，狗狗的表情太经典了，笑shi了[哈哈] [视频],2
哇，大夫有绝活！,2
好像还有很多夜猫子在织脖：)快气碎叫！,2
亲们加油哦~everybody看好你们！,2
特大号灯泡～[偷笑],2
木错吧？[哈哈],2
看到韩翻更感动！！！Fighting！！！,2
欢迎 Meganmay 漫画笑话集和 逃7小葱 的入住。,2
如果能流利朗读并理解含义，恭喜您获得网虫资格证！,2
哈哈哈，是不是被影响了,2
从这刻开始偶们无法淡定了，新武林外传开机成功[奥特曼][威武][奥特曼][围观][哈哈][哈哈][哈哈],2
睡了几代人了哇哈哈哈哈！！,2
今天心情大好…,2
昨晚和几位老大吃饭，饭后又开唱花鼓戏了[嘻嘻]可老忘词，谁手头有词，下次打印了给他们，当好秘书长[爱你],2
OH YEAH~~~~~~~~~~~~~~~[红包拿来]@这就是我花园 @此用户已存在2011 @周踌琢 @勤劳的肖坤 @benjaminzhai花园,2
"带上他们去逛街,提高万达人流量呀~反正有空调,又不花钱~都去万达吧!",2
感谢@杨家大宝 曾给我的练手机会，哈哈！,2
最后一段TTTT 瞬间戳泪点TTTT 这个谷歌那天吵过架什么的哈哈哈,2
啊哈哈哈哈哈！,2
据英国《每日邮报》在英国汉普郡一户人家的花园内，一对贪吃的小松鼠脑袋被卡在椰子壳内。,2
[哈哈]我居然看完了，MD半夜了……,2
出发啦.,2
感谢典范文化，感谢杨总。,2
恭喜大哥，河北人的骄傲，安徽人的骄傲，安徽人在河北，能够有如此的事业和胸怀，呵呵，哥哥，我佩服你，至于你信不信，反正我信了！！,2
小丽飞到西雅图陪他，状态能不好吗，哈哈。,2
激动了整晚，淡定...,2
5月1日了，劳动节快乐，现在0点了，怎么还那么多车，厦门的天气好好啊，哈哈！,2
各位童鞋早安~新的一周又开始啦，微软中国TechNet将继续陪伴您[干杯],2
和新娘比美去咯～[春暖花开],2
晒晒当年的毕业照。,2
然后明信片因为最近比较忙一直没时间写和寄，拍谢啦＞＜，过两天一定寄出,2
今天成功地把两年的班委交出去啦，各种轻松加嗨皮的啊。,2
今天买了一件自己中意的Tee，会考前把妞妞觉得我适合的那件给买了，唉，脱钱货阿！,2
哈哈，葫芦娃，偶决定和爷一样，今晚重温葫芦娃娃。,2
//@伦敦奥运新闻:中国冯喆是冠军！！！！！！,2
啊哈哈哈哈哈哈哈_( :3 | L)_,2
//@徐巍:太劲爆太搞笑了[哈哈]！,2
（新华社） □节后快乐：）,2
上午看到我考级通过，特别为我高兴，眼神中也流露出不经意的悔恨。,2
哈哈哈~怕爸爸打屁股啊！,2
[偷笑] 估计你这个是戳了一下，要养几天才成。,2
我灰常稀罕，也很鸡冻。,2
深圳地铁终于通到机场，不过指示标志太少。,2
［110610 SMT in paris 预览］这舌头是伸得有多长[偷笑] 后面那位，这是有多搞笑，笑成那样[偷笑],2
真是大快人心啊！,2
@和静 同学，书收到，谢谢。,2
每次湖南神马的发大水，我都庆幸自己在北京多么的美好啊。,2
啊哈哈哈哈~~笑抽脸QAQ~~@橙子泡沫 】,2
哇哈哈！,2
虽然很喜欢你的自爆，但，大哥你安好才是最重要的啊。。。。,2
继续努力！！！！[太阳],2
凑合凑合咱自己能挂起来了嗷嗷嗷，有空再做心肝，拍个合照，还是yusoo[心],2
感谢所有支持我的朋友们，龙江雅苑招商启动会的活动顺利完成了！！！！！,2
哦也~然后下午回老家..,2
和父母在一起才是真正的过年啊！,2
噗..,2
[嘻嘻] #周笔畅天声一队#,2
呵呵，看男人帮咯！,2
哈哈哈哈哈哈哈哈哈哈哈哈 程叔。。,2
出差从机场到酒店，用了5个小时，分别和来自不同老雇主的3个老同事吃饭聊天，很爽～,2
分享图片- 小毛真厉害，外婆做的衣服，本来是按照3岁的时候的身材做的，结果现在6个月就能穿了。。。。,2
哈哈，刚才试玩了开心网最新开发的动物王国，太给力了！,2
发帖的显然没去过我们科大各种园 [哈哈],2
爱你们！,2
啊啊啊啊啊啊啊啊啊啊啊啊啊啊啊啊啊啊啊！,2
#郑嘉颖KC# 20120527 探班照 #万水千山风雨情# 什么事笑得那么开心，还拍手[鼓掌] 说粗来大家一起Happy嘛！@郑嘉颖KC,2
疯狂到可以唱唱笑笑哭哭唱唱 这是肿么了,2
今天听了sere的话，真的好感恩！,2
太好了不用再挤倒新街口去,2
新的一年恭喜大家一起发财（发菜）！,2
很幸福！！,2
哈哈哈哈哈哈哈哈哈哈哈哈哈,2
在东航盲品会结果出炉啦！[嘻嘻],2
等会再把凌乱的办公桌收拾干净，就可以回家啦！,2
昨天离我仅2米的她站舞台边摆弄耳机时，我都不敢相信我的眼睛，看着有1米8，腿就得有1米7。,2
我继续保持就可以了[哈哈][哈哈]@大王的萌少,2
我是多庆幸是网络电视啊回放无数遍啊翔爷你四天写写的月儿圆圆真么么地太好听了每句都好销魂啊我这个中秋美翻了!!!!,2
一个人的中秋，心如止水的中秋，心在淌血的中秋灬这些文字只为了记住今天，还是最爱的爸爸生日，您是天上哪颗星呢？,2
无论神马人，都会有自己恐惧的事，昨晚小法成功战胜恐惧，独自睡觉。,2
[哈哈],2
"折腾了一下午,终于买新手机了。",2
谢谢。,2
谢谢你们的爱。,2
今天很得瑟有木有！！！,2
抽取2位幸运主人喔！~,2
嘿嘿 看着KTR的小剧场心情是不是很好？,2
哈哈，别打它，呆几天适应了就好呀……,2
智商不够哈哈哈！,2
同事答，因为鹰吃了蛇，老总大笑，说，真笨，鹰本来就会飞！,2
谢谢晨辰妹妹送我杀青礼物，我好感动，有些舍不得走了，心如再跟导演商量加几埸戏吧，哈[飞吻][飞吻][飞吻][飞吻][飞吻][飞吻]大家加油，倾世皇妃，收视长虹,2
就为这个，剪了一个短发…[哈哈][哈哈][哈哈]@我爱钟妞妞 @lacrimosa_hui @大熊hui,2
。。。你介个孩子呀，勇于认错屡教不改~ 快去睡了哈，乖~~ 晚安，好梦~~[摸头][热吻][右抱抱][月亮],2
老爹竟然很开心且相谈甚欢~~~心里负担少多了，最棒的是，奶奶很开心，满足了~~~[爱你] 爱使你了~~,2
终于圆了偶的梦,2
师姐：周杰伦的！！,2
我的确很自恋，连专栏名儿起得都赶脚豪好[偷笑][哈哈],2
我们的天使！,2
"还有艺伟,冬天的早上到学校,手超级冷,给我暖手的就是他哈~快十年了!",2
今天从这里走过心情很舒畅。,2
今儿做了把男模，嘿嘿，还是挺有感觉滴。,2
就为了找华仔的手印[翅膀][星光][星光]闲情意志还能再高点么？[礼花][礼花],2
叫上七大姑八大姨的~哈哈,2
回上海喽，刚刚到火车站已误了火车，于是直奔去改签半小时后一班，所幸的是还有位子[呵呵]多出来的二十分钟正好吃顿中饭，东方既白的猪排饭正好特价，比昨天的coco实惠多了[酷]自己是个随性的人，旅途中常常有这样的小意外，随遇而安就好，每个意外都是段独特的经历…,2
上海欢乐谷的送票大行动马上要开始咯，大家尽请关注，谢谢各位捧场啦~~~,2
妹子们，三月上海见，一起穿恨天高去看阿笔吧~~~！！！,2
出关啦！,2
让大家回家好好过个年，同时，也绕开最最高峰，也能省点钱，何乐而不为！,2
终于迈出了这一步[鼓掌],2
哦啦啦，跟老板小肥羊[嘻嘻][嘻嘻][嘻嘻][嘻嘻][嘻嘻] 我在#小肥羊 东滨路店#,2
这日子怎么过啊......,3
"你可以对全世界好, 却忘了我一直的伤心…",3
相比之下TANK是板正了些，积家确显优雅。[失望],3
我什么都没干@为CriSuk而着迷的阿佑酱T3T [泪]睡不着,3
还怕不乖了就不带我玩儿了呢~死@Adda许小添 就是嫌我哭得烦不搭理我了[泪]//@邓小茜:我这疯小孩正要以你为榜样转型，你怎么要改变路线了？,3
我再没法见他，因为那个我亲自介绍的泼妇。,3
不容易啊…,3
男人的谎言总是让人心寒，不要去相信他的鬼话连篇，也不要去当个傻瓜。,3
宝宝刚才又翻江倒海般的吐奶了，我看的呆掉，外婆赶紧抱起宝宝，宝宝难过的哭了，又换了一身衣服。,3
随便一双单鞋都上千。,3
完全理想型，所有女生要求的条件你基本都符合╮(╯_╰)╭求崔始源缺点，各种球，为啥我找不到〒▽〒我的最高理想型，可惜得不到你，嘤嘤嘤嘤嘤。。。,3
我很想你呀老公，你有吗？,3
累死我了,3
好郁闷啊！！！,3
有件事很让我苦恼啊 这些眼镜对于我来说那个最好呢？？,3
无语……,3
【知名登山选手2001年鞍山理科状元严冬冬不幸遇难】国内著名登山者严冬冬@自由登山，在新疆天山登山下撤途中不幸遇难。,3
5555。。,3
昨晚终于闲下来，可面对电脑屏幕，一时感到极其沮丧。,3
"当你离开高中,你会觉得少了很多东西因为你再也找不到书桌上摆满课本的感觉.",3
[泪][泪][泪],3
自下午听取四律师案会见情况介绍以来，心情一直压抑。,3
"ps,姐，那个色号的腮红我还是没找到π_π，",3
o(︶︿︶)o 唉！(4分钟前),3
我同情的是谁的百姓，不同情谁的政府！,3
真的好想再见到你。,3
LULU眼睛好的时候，就要给它找主人了，作为一只流浪狗，它始终是要在被救助完毕之后离开我的……吧……伤感……,3
谁来同情一下胡椒啊，泪…,3
[泪]造孽啊！,3
拜仁对切尔西，估计又是拜仁登顶了，既是主场，切尔西又有4大主力停赛，点打啊？,3
他的逝世是国家科技界重大的损失,3
她说就发条短信吧，突然想起今年母亲节我也啥没买发了条短信.......,3
对念旧的巨蟹来说，和爱人分手的痛楚，就像失去身体另一半似的浑身不对劲。,3
我哥1个月前患有病毒性脑炎，现在在重症监护室NCU，治疗过程中并没有明显好转，每天抽的很频繁，请问谁知道治疗病毒性脑炎哪有更好的医院以及治疗方法和建议。,3
哇啦哇啦~~~~~[泪],3
可我为什么要难过呢？,3
甚是想念啊。,3
这一天是哭了多少次已经记不清了，现在已经能稍微冷静一点了，只是想把关于他的这些都记下来，抱歉，我记性不好……,3
palm ，令人心痛的品牌。,3
貌似凡是有节可过的，基本都是弱势群体；所以像我这样既过儿童节、又过三八节、接下去还要过五四青年节滴，不就是弱势中滴弱势吗?,3
刚才准备去银行里取钱，看到一个老爷爷在门口请求路人带他上去银行，可是似乎很多人都没有理他，在我前面走着的一个人后来跑回去帮了老爷爷上楼，不知道为什么看的特别的难受,3
童年就是练习房里面度过么?,3
你把她还给我！！！！！！！,3
衰!,3
我想，特别是80、90后的童鞋们会更感怀了，因为那里留下了儿时的记忆......,3
老天爷，怎么你要这么残忍，为什么连我唯一的亲人都要带走，我真的不敢相信，我奶奶怎么会不会的。。,3
全体学生会嘅成员喺你宿舍楼下用蜡烛为你祈祷……,3
我发现我可真是赚到了，才活了不过20几年，就碰上了50年一遇的旱灾，100年一遇的洪水，60年一遇的大雪，300年一遇的泥石流，500年一遇的地震，600年一遇的海啸。。。,3
缓了两天还没缓过来，早知道就学他们拿几张纸背就好了。,3
说真的，我真得体会到这个行业的艰难。,3
然后晾着的白衣服落在水滩里……………………………………,3
就这样，一直纠结着痛苦，呜呜,3
到凌晨还是睡不着，盘坐在床上，每天都莫名其妙的拖到2、3点才睡觉～,3
真是越来越买不到东西啊。,3
我赶紧三言两语挂了电话，满眼模糊。,3
在物欲横飞的今天，人们往往为某一句流行语津津乐道，为每一次恶搞兴奋不已，也会想方设法让自己狂笑来释放压力，我却偏偏躲在角落里，真实地絮叨着亲情。,3
其他流浪汉和我，一起安静看着这位流浪者最后的离开，在南美巴西里约热内卢，炽热的狂欢节清晨。,3
当你特别在乎一个人时，人家就不会在乎你了，你怎么就永远不懂？,3
走好。。,3
真羡慕香港人！[泪],3
"我已经预感到即将发生的事情,不远处遗憾正在接踵而来的上演,如电影般常有的悲催一幕,我站在病床前,他用迷茫空洞的声音问我:&amp;quot;你是谁?",3
直接带超大包纸巾吧这次[咬手帕] [咬手帕] [咬手帕],3
诶，假期练练写点字给他们吧......,3
回复@流星雨Liam:去年的今天，二爷一跪让我内牛满面。。。,3
//@厦门宝迪丰小范 ………[泪],3
真TM要破产了。,3
"你可以将我的关心,说成让你烦躁的原因,",3
辛辛苦苦下载既高清格莱美。。。,3
心瞬间被什么狠狠的撞了一下～,3
求你~别让我在遇见你。,3
抵抗不住…,3
我那个冤呢。,3
今天太杯具了，出门发现公司门卡钥匙交通卡包没了。,3
唉，如果没有你……,3
蛋蛋的忧伤。。。[生病][挖鼻屎],3
好像小时候看完的时候还难过了很久[泪] [泪] [泪],3
任凭思绪在梦，苦，幽，痛的浪峰里跌落与升腾……,3
三亚潜水腿被珊瑚刮破；鼓浪屿日光岩脚被划破；武夷山，手居然被猴子抓破。。。,3
但是作为娘家人的我们，真的称职吗？,3
就一点都幸福不起来了！！,3
这还对称~杯具···,3
明天就是六一儿童节了，要是我也可以有假期多好啊！,3
如今想起那所学校...,3
昨去墓地看妈整一天心情压抑也无胃口，一天水米未进，今缓过来连吃两碗稀饭。。,3
你叹气的时候我不会再去安慰你，你难过的时候我不会再陪你一起难过，你心碎的时候我不会再去陪你一起心碎。,3
[泪] [泪] [泪],3
如果是这样，请给我一条生路，放我走。,3
这里降温了，阴冷潮湿的空气钻向骨头缝变成扎人的针，所谓刺骨就是这种感觉吧。,3
呜呼，谁能听到他们心中的呐喊？,3
昨天早上半梦半醒间把《推背图》的下一象给想明白了，本来挺激动的，后来上网一查，好多人想得跟我一样，真没劲。,3
每逢过节，因为想家总有些伤感。,3
如果有一天，在街上看到我的手被别人紧紧地握着，你会不会 冲动地告诉我你依然爱我？,3
平常就没怎么聊啊TT!!,3
第一次看见我拍的照片被放在报纸很明显的位置，心情却是很异样，没法形容，希望真的可以帮到忙…,3
这里先立一字据:争取3点半下班[泪],3
经人提醒查了那么一下话费，最近三个月烧给联通的钱有移动的五倍贵~屌丝还是用wifi吧，不要3G了[泪],3
无奈通向微访谈的大门已然关闭！,3
生命有时候渺小无比。,3
虽然我不是北京人但北京的拆迁也让人心寒啊。,3
我百思不得其解，心中十分苦恼，很久以后，才发现了真相：她作戏是为了自欺，为了排遣心中的失望与烦恼。,3
[嘻嘻]从没如此期待下班时刻，一个好好的周末就在工作中度过了[汗]晚上也没体出去疯狂了。,3
看他在我家打地铺睡着，心很酸，他也应上学的...,3
我忏悔，我非常不喜欢别人摸我的念珠，尤其是我还戴在手上的时候，我自知又陷入我执，不过，请您们不要再碰我的念珠了好么？,3
今天看我哥，觉得很心酸。,3
大恸！,3
剩下的没@ 到的，懂我的心就得了~[委屈] [委屈],3
一个人的肩膀 在减轻 也是会脆弱··这段时间 更重心和身体疲惫·以前身体在疲惫 我都当减肥 现在不知道怎么了··就是想家 想爸爸妈妈的怀抱 想早上起来喝杯牛奶 咖啡·晚上爸爸给到倒洗脚水··[做鬼脸],3
[泪] 。,3
回家一看网上价钱2700欧 太过分勒[泪],3
尼玛我真的太out啊有木有。。。。。。。。。。。。。。。。。。。。。。。,3
数学就是我永远的痛啊[怒],3
对于一个读书人来说，这何尝不是最大的痛苦？,3
有木有搞错啊，小爷朝思暮想的肉片居然是这个样子滴，爷要吃的是整片整片的肉啊，不是被乱刀狂砍的肉泥啊，啊！！！！！！！,3
我想我还要继续努力，听完了情歌可以不決堤，那些蠢蠢欲动爱的回忆，会让思念都哭泣。,3
看的偶是各种难过心疼无比~~,3
次日晨七时[眼泪]终于在水中收工了[游泳]整整泡了三个夜的我[浴缸]要就地倒下，四海为床[大哭]~[睡觉][睡觉],3
今天从九点半到两点半，都泡在露天泳池里，冻得我浑身抖，脸发青。,3
人生远没我们想象中那么漫长，一不小心就过完了……,3
我们都明白，彼此都不会是最后谁的谁。,3
我觉得我把他毁了。,3
今晚我很受伤，因为最终@刀郎 没有联系我，我也没能够参加他今晚五棵松的北京演唱会。,3
郁闷~还想说睡到4点起床看球....,3
对不起。,3
爱你究竟多明白，永远不再见 ;,3
/你说许久不曾联络下感情了/,3
算上纸媒的经历，我是用13年的青春赌注，圆了意气年少的新闻梦想，但最终却当了体制的逃兵。,3
心情突然低落...,3
喂狗的好心人再来喂狗的时候，发现惨剧，立刻拼命的挖，刨。,3
江南鱼米之乡啊。。。。。。,3
SONY的卡片机坏了，到百脑汇去，说是要2-3天时间，要换部件，质保期过了，要两三百块……,3
有一阵子没寿司吃了，亲们。。[泪] [泪] [泪],3
不懂的是，这样没天理的事情肿么老安排我碰上？,3
看到百万美元宝贝和飞跃疯人院的结局时还真是让人悲伤，当你在意的人继续喘息就是痛苦的时候，当你必需将亲手送他一程的时候。,3
可是……,3
共产主义的班都被别人接了 ![委屈],3
如果可以哭，我也不想忍；如果可以自私，我也不想退让；如果可以懦弱，我也不想坚强；如果可以放手，我也不想继续执着；如果可以再重新选择爱上一个人，我还是只想再好好爱你一次，而且这一次，我不会那么轻易放手了。,3
老妈叫我陪表妹来听留学讲座，刚高考完就得上课准备出国的 孩子，连休息的时间都没有，太 可怜了。,3
[衰],3
爱哭了，这么难舍心都空了，想放不能放。,3
悲兮!,3
痛苦的不是写论文，而是你明知道你写的是垃圾；,3
希望能在元旦这2天找到好心人收留他，后天就要上班了，如果找不到好心人收留只能送给警察了。,3
曾经的我们仨，现在的他们俩，还有这板凳上，孤单的那一个我。,3
<每个人爆了其他人的优点和缺点，说优点的时候每个人都说对方可爱，木有诚意╭(╯^╰)╮怂怂又被欺负T T尼玛可怜死了 [视频],3
不容易啊！,3
反正迟一个小时进公司，早知道就再趴半个小时，真是浪费啊[打哈气]每天都起不来是为什么,3
我更想快点回家.,3
目睹一个企业轰然倒地，陆续回来上班的200多位农民工兄弟，却还不知道自己辛辛苦苦没日没夜三班倒的12月份工资白条，何时能兑现？,3
我真是个幸运的孩子。,3
[泪]祝你们帝都搅基愉快,3
"想你,是一种痛,隐隐的痛，不常来,却挥之不去;想你,是一种,刻骨铭心的痛,不常来,却仍深刻;想你,从不知疲惫,却极痛,撕心裂肺...",3
吹出来20.1的人伤不起阿。,3
不再有人在你电话打不通时坐立不安而狂发短信，终于打通电话时对你发脾气；,3
还是那一句：读了这么多年书，发现还是幼儿园最好混啊！！！,3
每晚灯火阑珊处，夜难寐，加班忙。,3
不再有人可怜兮兮说心情不好；,3
朱老本意来做东，客到现在不显身。,3
如果有一天我要死掉，临死前就是想看你一眼，你会不会不顾一切地回到我身边？,3
这一倒下竟永别了他热爱的医师岗位，英年早逝，令人悲痛不已，一直不相信这是事实，苍天怎么没有厚爱好人、好医师！,3
[生病][生病][生病][生病][生病],3
结婚了，当爸爸了，可是我却没有处理好双方父母的关系，也没有处理好媳妇和爸妈的关系，真的很头疼。,3
不过住上这样的房子。。,3
[挖鼻屎] 不过光顾着看，一共拍了4张有两张能看的也可以了，噗。。,3
好怀念 [泪] 我记得这照片好像是@Christine_HJ 是CC拍的,3
我是啥人品摊了这么好一爱豆啊！,3
但是票好像都好贵T^T @ZwT_INFINITIZE,3
男人啊，小时候听妈妈的话，长大了听老婆的话，老了听女儿的话。。。,3
有的时候是有点野了，喜欢被约的感觉，习惯半夜三更睡觉，今天，觉得冷气太冷，一个人吃饭很没有味道…,3
一切都晚了。,3
我这个周末算是毁了。,3
有遗憾有不舍。,3
------我以为我做的，你会明白。,3
刚刚一个人走过那街道，想起四年前我们三人蹲在哪里的情景…,3
只是我们显得底气不足：毛当年要解放全世界的豪情早已消失无踪了...,3
脚磨出脓包了…,3
为神马伤到的偏偏是右手食指！…,3
我还一个人跟傻逼一样想他。,3
细数烟雨，处处落雁是眼泪。,3
有时候，别人突然对你说，我觉得你变了，然后自己开始百感交集。,3
WSET diploma最后一部分CWA的成绩拿到，竟然把我fail了，而且很冤呀[泪],3
表达我无法掩饰的羡慕嫉妒恨。。。。,3
妈妈呀，这是神马情况啊[抓狂],3
各路神仙快快来救我……,3
或许你反感我的一切，同样我更反感我自己的一切一切。,3
有时都不敢再来微薄，因为怕自己看到那些无辜百姓的事，忍不住插手！,3
我特强大了，可怜的我呀，本来单鞋就不多，这下好了，日子怎么过呀[泪],3
我靠，我今天真是倒霉。,3
为什么会这样？,3
我很囧~,3
从上午出家门到现在已经历时八个多小时了，还没到酒店，现在等司机来大巴站接我，估计七点能到酒店就不错，这时间都够飞到欧洲的了，苦啊...,3
有和Jc叔叔关系好的人有没有阿。。。,3
我5月刚刚参加大学毕业10周年的聚会，当时大家说大学时候后悔没做的事，我后悔自己没在大学时能更多的去旅行。,3
太在乎一个人，心情常被左右，剩下只有心痛。,3
[泪] 我就是笑太早了，没能笑到最后，不过现在也没到最后呢不是么？,3
再去寄存手提箱，再坐小巴出境到深圳，采集了u一堆apple用品，回karen家，我好困啊[泪]累的毛都飞起来了,3
庚说今天范范发新专辑自己有空到不了现场很遗憾…,3
离开龙岩十五年了（福州十一年，北京即将四年），依然很想念龙岩的小吃，牛肉丸、芋子包、芋子板、鬼告（龙岩话）、多妮呀（龙岩话），哈哈最后两个实在不会翻译成普通话，有龙岩的老乡吗？,3
一大早，真系辛苦我的下巴了！！！,3
现周围的一切好让俄强大不起来,3
OS：哎，又是一年一度的高考，犯愁呢...,3
1、首先和大家说声对不起了，直到现在才有勇气和精力更新微博，坚强走了，永远的离开我们了，死亡时间是昨天中午十二点十分。,3
我以为只要用力握紧便不会失去，我以为即使是刮风下雨也能勇敢前行，我没那么勇敢，即使告诉自己我要勇敢。,3
[晕] //@唐润华://@青年时报章:情何以堪啊！,3
不再有人撒娇说你坏；,3
哪行哪业的男人我都嫖不起啊,3
单身久了，就不想去恋爱，会感觉朋友越来越重要；单身久了，就不想去逛街，越来越喜欢宅家听歌；单身久了，就变得成熟起来，会比以前越来越爱父母；单身久了，就买很多鞋子，独自去很远的地方旅游；单身久了，不经意悄悄流泪，会在众人面前什么都无所谓。,3
但是没抓到那个瞬间...[委屈],3
烟都戒的了，就不能吗？,3
看着一届一届的离开，一批一批的新人注入，感慨时光飞逝之中，也有纷纷的舍不得。,3
看着邱添一痛苦的样子，我也心痛呀，年轻人好不容易打上主力。,3
有什么办法呢，还是得收拾行囊，回到另一个避风港。,3
更要命的是怕以后我们连山寨版的非死不可都用不上。,3
辩护人，你还有多少的委屈没有倾诉 杨在新看到从远在千里来为自己提供法律帮助的律师，看到陈光武，张凯。,3
额滴佛菩萨啊，累死我了。,3
[泪] [泪] [泪] [泪] [泪] 时至全球化的今天，我们发现：我们的同胞们不仅文化知识普遍欠缺，更重要的是教养、修养、涵养的严重缺失。,3
今天脸破相了...,3
我吼啊我吼，怎么也喉不来关注和支持，只有反复吼了－－－－－,3
Ed医生我好想念你啊[泪],3
每当要到生日时因该高兴才是，但我这些年最怕的是过生日，因为只有我们爷俩过，心会很酸。。。,3
现在的学生不是快乐的学，而是痛苦的学，我虽然为此痛心不已，但实在是无能为力。,3
悲叹，足以！,3
//@哎哟喂刘阿雅: [泪][泪][泪],3
他们就像向日葵，向着太阳的正面永远明媚鲜亮，在照不到的背面却将悲伤深藏。,3
[生病] 我是有多可怜，有米人可怜可怜我[委屈],3
画画写字打鼓都离不开它啊啊啊啊…,3
上个月，得以约考，无奈居住证过期，未果。,3
我知道所有人的结局，却唯独不知道自己的结局，以前一直是旁观者的角度 看着个人走向他们的结局，如今自己也被拖进了这幕戏中，将来我该何去何从。,3
大学时代的~~全没了！,3
//@我与新能源:迷失和堕落使我们痛心！,3
看看我今晚吃了多少东西就能知道我自暴自弃到什么地步＝ ＝两块钱葱油饼，巧克力慕丝，小布丁，正常份量晚饭，半碗拉面，半盆海鲜，现在边等复印边吃M记＝ ＝哪个粉肠说我要减肥的…………,3
这条路我一个人走，一个人继续面对,3
冻得我想上厕所！……,3
你居然还直播。,3
现在先给孩子洗澡[泪],3
~~~~~图有点多 我有点风··因为明天上班了··苦闷· ·有木有···[失望],3
第二天早上，趴在妈妈的病床床头，妈妈摸着我的头，说了句什么，我实在是回想不起来了，但心生怅惘是有的，回不去小时候，妈妈也不再年轻了。,3
"委屈就是,你明明是六月的骄阳也会觉得浑身颤抖,是无论是对着镜子看自己时,还是在拥挤的人群中,抑或在坐公车时,都会悄然的落下泪来。。。",3
年年头，总理就说：年，将会是最困难的一年总理说这句话之前，什么都没有发生总理话音刚落，什么都发生了~~,3
直到有一天她博客上挂满了她的婚纱照，下面有一行小字：＂我嫁人了，不等你了，不更新了。＂ 。。。,3
时间是把杀猪刀[啊] [啊] [啊] [啊] (VIA ILOVEPOPONNY),3
我的8879今天终于拖走了，满身伤痕，满身泥泞。。。,3
"刚才做梦去北京了，梦到和她还有她男朋友碰见竟然发现她男朋友是个没有手的残疾人,我非常心痛是心疼她的感觉,现在我意识到这个梦潜在的含义是不想有男人碰她…",3
提前的预告狠虐人…,3
还未结婚就注定了两地分居。,3
只是，这个人在哪？,3
我好沮丧。,3
可惜啊 可惜···,3
现在，我就是一个文盲……,3
书价难以上涨，真的是阅读氛围越来越淡的缘故。,3
快打住刷淘宝的手啊啊啊啊阿啊！！！！！！！！！！！[泪][泪][泪][泪][泪][泪][泪][泪],3
离开是个错误，停留还是个错误，可我只有在选择一个错误后，才知道哪个错误更值得犯；或许，永远不会知道。,3
[蜡烛] [蜡烛] 到明天2月11号，mcqueen整整离开我们一年了，同做为设计师，理解或不理解他走的原因都不重要了，他的才华，他对时装的理解，让他永远活动我们心中！[蜡烛] [蜡烛],3
泪奔……,3
」看着这个短信，我眼泪划了下来。,3
最近总是想某人。,3
那狭小的空间蜷缩着忍了将近4个小时，我现在屁股还在抽筋哇有木有！！,3
虽然不是永远的离别却难再相聚 只希望你知道我还在想着你 亲爱的~,3
知不知道啊？？？[酷],3
悲剧了…………,3
今天估计没有渔船进港，海鲜小摊寥寥无几。???????????????????????????????????????????????????,3
总之觉得挺难过的...,3
真的不能!!!!!!,3
保佑宝宝早日脱离吐奶和湿疹的困扰！！,3
悲剧的是，这么想吧，事情就这么发生了。。。,3
只不过，我忘记了。,3
有些电影为什么总是那么想让人哭，可是却总是哭不出来？,3
今天真是我的苦难日啊。。。,3
不知道我选给你的礼物你会喜欢不。。[委屈],3
"再见,我的精灵般的小鸟,你乖点到另一处,等我来做你的宠物。",3
我发现我可真是赚到了，才活了不过20几年，碰上了50年一遇的旱灾，100年一遇的洪水，60年一遇的大雪，300年一遇的泥石流，500年一遇的地震，600年一遇的海啸.....,3
所有事情源于一个纠结··· 亲爱的 只有你明白· ··········这样的纠结好难过··好复杂 ·亲爱的 高·······我该怎么办？,3
我感觉出，也感觉到了/[猪头],3
她们很想我，我也很想她们，我们相约五十岁了还要在意多少男人拜倒在石榴裙下，而不是我的奶粉，我的尿布，我的乖孙。,3
因为墓地又涨了!,3
啊啊啊啊啊啊啊啊啊啊 对不起啊啊啊啊啊我现在才看到邮件啊啊啊啊啊啊。。,3
当我反应过来已经这样了…[漩涡][漩涡][漩涡]…,3
很多时候，我们说放下了，其实并没有真的放下，我们只是假装很幸福，然后在寂静的角落里孤独地抚摸伤痕。,3
真是恼自己！,3
白天淇淇家美味的各种烧烤，我都没有那么强烈的食欲，目前，忽然有些饿了，开始有些想念它们了～,3
当斯内普得知他深爱的莉莉死去的噩耗，他悲痛欲绝，他以为他的世界就此消失，但是他还有未完成的任务——保护莉莉用生命拯救的她唯一的婴孩，哈利波特,3
我努力想逃出去、逃出去，遥想那些遥远的麦地、一望无垠的绚烂的金黄，内心充满了宗教般的忧伤。,3
[挖鼻屎][挖鼻屎][挖鼻屎]我的未来呀，已成梦[失望][失望][失望],3
5年来最不走运的幸运月过去了，木有了猫猫的支持，幸运月果断变成了浮云吗？？,3
今天是儿子小小班的毕业典礼，蔡老师带着孩子和我们一起上了一场课，每个孩子都很开心，很投久，真是很好的学校，很好的老师，可惜这么快又要分开了，好像人生总是这样，永久只是停留在心中。。。,3
在这分合聚散的流逝年华里，一切的贪嗔痴念，一切的水月年华，总是能如烟般消失无痕。,3
在家呆了三天养病，咳嗽也只是好了一点点，依旧不舒服~下午出去透透气，顺便买些中药，调理一下身体，这些天咳嗽让我受了内伤，哎~悲催~!!!,3
在家里做了几天的小皇帝，明天一早又要离开了 ，有一点点那么的小伤感。,3
又一个催泪的。。。,3
这里现在都变工厂了，原来是国营的赤港农场，几年前有个越南归侨在这里经营越南小吃，风味独特，今天来寻却一无所获，憾啊！,3
因为我突然觉得人生不应该过得这么堕落！,3
"要经历七情六欲的煎熬最后就得到生命的结束,",3
而没能在一起，离愁别绪让人惋惜。,3
[乐乐] but大师兄请别这么消极嘛，听着怪难受的，真是！[挖鼻屎],3
就想我是有多变态，生活里真的也只愿相信80后单纯孩子的说法，还不是搞姐弟恋的主儿。,3
杯具。。。[泪][泪][泪],3
以为：只要捂住耳朵，就可以听不见那些烦乱。,3
我是攀枝花市盐边县永兴镇新民村的农民，我们这里的红沙瓤西瓜味道甜口感好，往年子卖的都很好，今年那个膨大剂把西瓜弄爆了的新闻把我们害惨了！,3
真他妈悲剧。,3
2002年的悲伤往事：2002年5月7日21时32分，大连周水子机场接到当时在傅家庄上空的北方航空公司由北京飞往大连的CJ6136麦道客机报告，称机舱失火，此后飞机便与机场失去联系。,3
身边总有些人，你看见他整天都开心，率真得像个小孩，人人都羡慕他；其实，你哪里知道：前一秒人后还伤心地流着泪的他，后一秒人前即刻洋溢灿烂笑容。,3
改版讨论会不让我参加，人员到位情况我不知道！,3
事儿，一路走好，天堂没有病痛和伤害。,3
爱吧，爱就爱了，不要把仇恨嫁接给爱你的亲人，不要让爱你的人这么难过。。,3
真让人崩溃。,3
走过人生的四季，思念依然浓烈，任夜风吹着我已经迷失的心踪。,3
XXX托托关系考试面试成绩单都不用就进了..........,4
尼玛有木有啊！！！！！！,4
居然发现桑那房不知道在什么时候已经被我妈偷偷给改成杂物间了！！[怒],4
屁大点事就哭.,4
尼码、别让我发现你是谁…,4
高考语文作文真她妹变态，身边很多人没写完，出门时候还看到有人因为没写完哭了…,4
"[泪] 天啊,几个月没登录信用卡网银,我的信用卡积分有13730分竟然在4月30号到期了,太没天理了.........",4
你是要把王道饭们逼出狗血吗.............,4
//@为CriSuk而着迷的阿佑酱T3T: 呸！,4
控告剧组75演员！,4
不会对人无条件付出了！,4
损阴德也好...,4
找骂贴，我对同志并不反感，见到真爱的伴侣也会支持和祝福，但这次的大反击，让我觉得，你们缺乏必要的自信，你们又不是残疾人，也不是被夺走家园的少数民族，何必那么激烈呢？,4
中国人竟然有这么高的素质啊是不是想都没想到啊？？,4
ZT 李刚他儿子判刑三年监外执行你不关心，钱云会案按交通肇事罪结案你不关心，什么姚晨离婚了你那么激动做什么？,4
坑死了吧！！！！！！！,4
是赤裸裸的诅咒。,4
你他妈想在路过红吗..?,4
骂你们还真是每个老百姓应尽的义务啊！,4
（你有没有礼貌啊，有没有礼貌啊？）激得我不顾形象在路上冲他大喊：有病啊，往哪儿吐呢？（再吐远个10cm就该吐我裤子上了）,4
他总先惹人家，骂人家脏话走下三路，给人惹怒了，人回敬他，他又开始装纯洁装无辜，就这种贱人，看着吧，下次他还这德性，老玩儿不腻。,4
坑爹啊！！,4
穷疯了吗？,4
凭TM什么？？？！！！,4
洗了说自己不喜欢这裤子叫退货，退尼玛啊。,4
又抢我家过渡房！,4
我试问亲爱的各大航空公司及空管局，咱们就不能不耗费自己和大家的资源吗？,4
靠。。。。,4
@Totoro爱吃糖 我都没回家反锁个鸡毛啊！？,4
我只好说！,4
官员一致认为，第五条值得借鉴！,4
不是气到极点。,4
人贩子真是该杀啊！,4
还有全国的媒体，包括网络媒体的默不作声，可以想见李家多么的有能力有办法。,4
一个决定伤害了亿万网民；,4
没有独立的组织，缺乏解决问题的习惯，这一切都是缺乏思想训练的原因及结果，因中国的帝王术，从来就暴力技术，中国的儒术，离开暴力就是一堆费话，它根本没有可行的方法去组织社会向前走，只是巧言。,4
民权县腐败分子们相互勾结，捏造事实，步步紧逼，对我进行进一步的陷害，非要把我宋爱菊置于死地而后快。,4
建议活埋他们，让他们吃屎！！！！！,4
[抓狂][抓狂][抓狂]我各种抓狂，我既然不知道跟我联系的是湖南广电的导演[抓狂][抓狂]，丫头你怎么不告诉我[泪],4
这一点是最可怕的，会无形中增加社会管理成本，也是最应该引起政府反思的。,4
学德语算什么！！！,4
这些娜狗，还没开打个个都跑出来吠，,4
[怒]还要人活不，一个小时了！,4
为了吃顿中午饭，早上出发，晚上饭点儿都他妈到不了，建议把环路隔离带上的花儿啊草啊都拔了，把城管一天到晚追人屁股后面的摊煎饼的烤串儿的卖麻辣烫的都安排到隔离带上，我还能赌车吃口热乎的,4
行啊，打算怎么着呢？,4
你们是护短还是什么？,4
每次换不同的号码打过来，你们太有心机了[怒][怒][怒],4
真是的！,4
上海市实验学校真是NB啊，或者说是黑暗。,4
不过丫装孙子！！,4
上幼儿园难，是不是入园费和标准太低了？,4
去他奶奶的！[怒][怒],4
全国两会期间，某代表提出农村娃应否上大学的观点，让很多人都很气愤，很多农村孩子的努力改变自己的命运，并成功的走出自己的村庄，成为城市的栋梁，这是很多孩子的榜样，如果说谁的家乡是哪里就要回哪里，社会如何进步？,4
我浩浩偶吧的图一张也没剩下。。。。。。。。。。。。。。。。。。。。。。,4
//@JOFF卫:不认识就是不认识 [怒骂],4
[大哭][大哭]尼玛的!,4
那个死裁缝真的是害SHI人了！！！,4
[抓狂] @兔年美丽:同意！,4
什么玩意！,4
在光天化日的众目睽睽之下，@平安北京 依法严肃处理打人者！！！,4
这种偷了千八百字，涉案金额比较迷你的，闲得什么疼的律师也提不起神来处理，打完了胜诉的话，也就是150块钱。（按照清朝的国家稿费标准千字30元x惩罚性的5倍）,4
大神一张和理想型姐姐的推特照片，然后板板都回复希望希猪勇敢去追！,4
O.O 尼们这是干熟么！,4
话说我找到我有深厚背景的证据了- -为毛原来木有人告诉过姐呢= =MD赶紧睡觉。。。,4
(1/3)@僧藏玉：中国买美国“两房证劵”之后不久、美就宣布“两房地产公司”倒闭破产、四千多亿美元血本无归！,4
太可恶了！,4
给城市发展带来了影响吗？？？,4
绝对不可以！,4
武汉的士真缺乏职业道德，一直以为长沙的士差，武汉更差，还不如长沙的黑的士！,4
//@黑色黄浦江:道德问题，这个社会谁也没有资格评说，尤其是富人……,4
最讨厌还嫌弃我们免费给她打扫卫生都不要……,4
李晟敏是你什么人啊他跟你很熟啊还是他副职是快递小哥要帮你把东西给金希澈。,4
该死！,4
各种觉得SM太他妈的不把ELF当回事。。。。,4
你们是不是木有前端开发攻城湿啊……,4
此刻我的眼神充满了怒火，因为稿子写不出来。。。,4
漏罪、重审、再判，是你们怕了吗？,4
这有意思吗,4
回复@空了了了:溜微薄的大爷别闪着牙，做板爷不是你没本事，而是你为小不尊。,4
允在真爱!,4
敌敌畏火腿，避孕药黄鳝、三聚氰胺奶粉、染色馒头，水银刀鱼，本人自认是个想象力尚可的作家，但我实在想象不出明天还会出现哪些耸人听闻的毒食品！,4
坐等你明天出门被车撞死，尸骨无存,4
记到我看到你们死的那一天...,4
我宁可打死丫的 也不让丫瞎吃东西毒死！！,4
都新中国了拆迁户都特么有钱，我还看着眼红呢~！,4
现在管理社会，将社会当成牛羊那样管治，还是当人尊重？,4
//@love天然521:嗯嗯，枪毙一百次也不过分,4
草泥马的房东，要不是打电话给供电局问你狗B的还要涨电费，有木有？,4
妈的，这是贱贼送我的生日礼物!,4
神马叫死不要脸，非泡菜莫属了。,4
我这就搞不懂了！,4
我操！！！！！！！,4
这个可恶的司机！,4
还有什么能吃？,4
尼玛表达了神马思想感情你去把作者从坟里挖出来问啊！,4
有的人把宠物看很重要，视宠物为宝贝，再说这也是一条鲜活的生命，为什么法律给受害的宠物有一个交代，就因为它是宠物，就视它的生命为无有或是无所谓吗？,4
向北京人兴师问罪质疑高考分数线不平等，真的有些无厘头！,4
CXR乃是要坑死爹么！！！！！！,4
不行！,4
特别是性取向！,4
艹你麻痹!!!,4
我靠!!!!!!!!!!!!!,4
哭什么哭。,4
为神马明天是我们厅值班！！！,4
地震是天灾，核泄漏是人祸，政府别狡辩，不修就不会泄露！,4
于是你们是跑到日本去聚会了吧,4
签个售一共就50个人里还有俩是打酱油的。,4
我愿意打死他也不让他毒死！！,4
尼玛等我换好衣服，转身的时候，发现她正捂着屏幕上她男朋友的眼睛。,4
一张而已，SMT没看头，但我还是想看看金钟云啊。,4
请愤怒的人们都来顶一下。,4
老师兽性难改。,4
谁砸我饭碗我砸谁的！,4
休息一天很不容易，一大早五点多就被陌生的电话吵醒！,4
附中门口出去的那半边路停了一辆混凝土车，司机竟然下来锁车了，不知道什么状况，只剩一条车道可以走了，8点之前不挪开就会茬死吧[晕],4
【小偷南京西路偷iPhone，机主上传照片！[怒]】@夏光曦_xixi 爆料：上周四从上海电视台出来，走在南京西路上。,4
昨天小姨家遭窃，大胆毛贼收获三部手机，一台笔记本电脑，一只相机，一只手表，现金大几千，最可恨的是还顺手牵走我们娃娃寄存的讲故事机和我们两根手机充电线。,4
MB！,4
又打电话!!!,4
———— 这样的XX要爱你去爱吧~,4
你当我是在欧美么。。。,4
让我说你们好，没门。,4
5天的旅行，第一天晚上才飞，最后一天是自由活动。。。,4
尼玛我也伤不起啊！,4
我要用南京话骂人了，这记者真是二货。。。,4
要命，回程还是东航…,4
为了卖点破报纸就必须这样吗？,4
泥坑你坑爹！,4
都是什么东西啊~画的重点太多啊……,4
请问锅里到底下了多少个饺子？[怒],4
能唤钱啊？,4
物业的死哪儿了!,4
不想管了吗？,4
难道一些人犯错 让人民去赔偿吗？,4
不要说什么反对垄断，我只想买墓地埋得起自己。,4
老子设计图都画好了乃么没有料子了玛丽隔壁的！！！！,4
我们并非痛恨不公，而是痛恨未能从不公中获益。,4
微软的操作系统尤其烂!!!,4
如此说来，那谁谁谁总爱竖这个，得停赛多少回啊？？？？,4
MLGB邻居大清早放炮，坏我好梦！,4
没有！,4
从座位上弹起来了好吗！,4
当时那四千万非正常死亡是假的？,4
真的是！！！,4
这就是切切实实地将病人作刀俎，市医院的腐败与潜规则早已表面化，现在之潜规则已进入最底层，这不是全方位的社会溃败是什么？,4
今天别的班同学来我班谈判，竟然他班同学以为我是男生呢，当时我很生气，啊啊啊啊啊～,4
我要这种灯墙！！！！,4
还让人睡觉不!,4
[衰]外面烧烤摊吵就算了，儿子 半夜三更醒了，不睡觉，在那翻来覆去，问他又不是不舒服，烦死了！,4
[怒],4
跟你们臭男人说：现在男女都赚钱，家务不再是女人的事，需要双方平摊着做。,4
我只想说艹他大爷的，这是人命啊都,4
发稿=宣传？,4
经历26号4号线头节车厢打架的，有没有那个河南B的照片。,4
母亲，为了救自己的孩子惨死在村民乱棍之下！,4
拍照倒是没忘，告你哥去哼！,4
2名涉案的华人应该来自中国大陆，此案是最严重的虐待老人的案件。,4
为什么周六我还要上课！,4
诅咒肆意杀人的独裁者不得好,4
还好B意思说要住就住不住就搬，草泥马贱到家了！,4
我们去阻止，将我丈夫欧打头破血流昏到在地！,4
奶奶的，我们立志，等你们老啦，我们拒绝支付你们的保险，我们不会承担对你们的任何义务，你们自己看吧，不让我们娶老婆，我们只能不让你们安度晚年啦,4
我真想海扁他一顿!!!,4
哪有下个雨么完么了的啊？,4
他们跟围观路人说是和女朋友吵架，女朋友你个毛啊！,4
爪机也快停电了更苦逼有木有有木有！！！,4
如果你们想骂，麻烦滚回自己家去别跑杰希的微博里吠。,4
本可以预想的结果，再三的交待，然因流程，几经被流转后，仍旧是原先预想的结果。,4
儿子近来表现不是很好，今天我教育了他：人吃饭是为了活着，但活着不一定就是为了吃饭；,4
啊呸！[怒],4
我艹。。。,4
总而言之你让他道歉就是错！,4
我们曾以为那些委员只是政府传声筒，只是尸位素餐的无能者，但我们错了！,4
为什么！,4
都说只有狠心的子女没有狠心的父母，这畜生颠覆了这句谚语！,4
你是上帝派来气我们的吧,4
其实一个ipod只有我两天工资，但是TMD想起被偷还是一口凌霄血狂吐不止……,4
我操你妈，这房间隔音效果么那差。,4
昨天你又删光诚的《村》，我决定忍无可忍，因所谓中国奇迹，就是人们的默不作声，养成你的目空一切。,4
52路车我完全不知道是怎么绕的，坐了半小时，绕了一堆我不认识的路，才刚刚绕到长湖路上！,4
真是疯了，富士x100的售价竟然高达一万元。,4
竟还真有人在微博中诽谤我，大家提防下这个人，必要的加个黑名单，关于活动我已经在前一篇微博中作出解释了，但是这样对我的粉丝已造成骚扰，大家认真看一下，还有疑问的私信我。,4
放屁 卡扎菲是被利比亚人干掉的 美国帮了忙而已 路见不平 拔刀相助 怎么了 秦二世难道也是被美国干掉的吗？,4
我这么为你们着想！,4
天天正事不干就泡网上找骂！,4
能不能不要再去打扰他们的家人朋友！,4
老子去毛学校图书馆啊，不去学校图书馆老子拿毛ipod出来啊！,4
以后！,4
建党伟业真是可笑。,4
我靠~坐个地铁都能遇到麻匪！,4
草尼玛！,4
万一明天就开会了怎么办呢？,4
烦躁，我都躁动了！,4
国贸的人保定损真不是个东西，说非人保合作单位修车，不给定损。,4
我老牛要吃嫩草了有木有！！！,4
好吧这是第几次了。。,4
最新消息：各位网友，今天早上九点钟，我接到商丘市民权县供电局办公室的电话通知，我宋爱菊又被他们以种种借口停止了供电局服务公司经理职务。,4
多大的成本呀！,4
一个前一天晚上都不能把参赛花花花语逼出来的陪练团，比赛以后却对别人一个犹豫指手画脚。,4
希望我国的政府不要走上错误的道路而不自觉。,4
就连一些愿意为之辩护的人都不好意思开口，除了窦含章、吴法天。,4
四次都这样.....,4
TNND，硬是空军做后台不怕啊？,4
这TMD还是正常的观点、质疑吗？,4
咱们虽然光着膀子，但却是在劳动，还指不定谁给谁丢脸呢！,4
咒他蛋疼菊紧！！,4
贱货！！！！！！！！！！！！！！！！！！！！！！！！！！！！！！！！！！！！！！！！！！！！！！！！！！！！！！！！！！！！！！！！！！！！！！！！！！！！！！！！！！！！！！！！,4
操，08年这个傻白要听我的，何至于此？,4
弄的我电脑好似中毒一样的重启了，现在又抽成这德行，要不是为了消息，我果断ANTI你玩腾讯WB了。,4
尼玛的！,4
甚至多次在上访时被当地警方抓回。。。,4
虽然我系个女仔，你扑街霸住人地噶位还训甘爽，我偏有动来东去，等你没觉好训！！！,4
操[怒][怒][怒],4
你們不會發設計圖的那顏色出來的嗎?,4
尼玛啊~~~~坑爹啊~~~~肿么没WEED了啊~~~~~伤不起啊~~~~~~受不了了~~~~没呼我满足不了ROSE有木有啊！！！,4
你是要把欧尼饭阿举嘛饭们逼出春心吗.........,4
对一个关心你生死的人，左一巴掌右一巴掌，你的良心是不是自己吃掉了呀！！！！,4
百姓的成长和孩子的成长都快水生火热了。,4
你以为在公安局上班就了不起了啊？,4
我当时的心情简直愤怒又无奈!!!,4
诅咒你。,4
我生活在一个奇妙的国家，我缴税和各种费养活公务员，要看脸色，缴费给医院，要看脸色，我向电信交钱，要跪求电信来修我的网络，还要看脸色，我不敢骂政府，因为我怕被抓，我不敢骂医院，因为涉及到生命，但是上海电信，我操你妈,4
你有必要追着我半个月大清早 问我为什么不住吗？,4
全是这样的提问，心中就不忿，如果没有新人新面孔还有新电影吗，哪个名家又不是从新人开始的，如果永远是老面孔老题材老故事，中国电影会进步吗！,4
硬盘换就换呗，麻痹的里面我这些年存的图频，我的压箱货就这样没了吗？,4
总是误导！,4
虽然昨天已点评，今日再看详解仍控制不了心中愤怒，狗日的王八蛋，挨千刀都不足平民愤！,4
看清楚这个才是真正的西皮真爱!,4
气得我想不开。,4
让你妈气死！,4
每天躲在床上不知道看什么A片。,4
还自我感觉良好是拿来的勇气呢？,4
不知道管管啊!,4
你是中国人吗?,4
一定要让集美二院得到应有的处罚！！！！！,4
[怒][怒][怒][怒][怒][怒][怒][怒][怒][怒][怒],4
信用卡绑定ITUNES ，经常用账户帮别人下东西，结果下场就是，不晓得是谁，竟然给我消费了30.99美金！,4
这让我情何以堪？！,4
什么卫生条件啊！,4
=约会推迟了，泪奔~~~我那么早起来做神马，尼玛现在穿着高跟擦了睫毛膏涂了指甲油在啃馒头，TAT,4
那些无畏的无知者们，请你们不要再去菲薄那些为了他人性命牺牲自己的勇士们了。。。,4
NND比亲爹亲妈考虑的还周到…,4
[泪] 睁大你的狗眼好吗!!,4
现在一周8门课的!,4
我本来不想骂投行，想忍了。,4
如果没有搞清楚，凭什么以涉嫌伪造车牌名义抓人？,4
谁能告诉我怎么能让宅急送 把我手机还给我,4
都爱听人话却不会说,4
坑爹哪你们!,4
请问他都不算非杀不可，什么样才叫非杀不可？,4
我要不是一个一个看过来真的没看到了就。。。,4
危险时刻人命竟然不如一顿饭钱！,4
尼玛那是我举得手都酸了亲自录的呀！！,4
崩溃死我了。,4
日本开放自由行，没有武汉；台湾开放自由行，没有武汉；想去那些需要办签证的国家，我们还得千辛万苦跑到北京上海广州去面签！,4
因为中国的学校，衡量一个学生是否优秀，唯一唯一唯一的标准就是成绩，至于有无爱心，是否善良，以及情商如何，都不关心。,4
人家教米奇头杂梳呢[怒],4
你妹的，敢不敢别用这蛋疼的箱子了！,4
管你妈逼的美国韩国还是日本。,4
"请国内外关心人权问题的记者和媒体给与关注,自谋职业养家何罪之有!!",4
连一个文献的证据都拿不出来。,4
做人不该如此，但现今世上绝大多数人如此，世风日下！！！,4
尼玛！！,4
场面何其壮观！,4
我就呸了！！！[右哼哼],4
买了个特价马桶，结果丫的不送货！,4
发现跟我妈妈打电话会被气死。。。,4
是想怎样啊。,4
//@iAcro-裤裆老爷:畜生！！,4
不要说什么医疗改革，我只想不耽误治病；,4
我就事说事，管你公的母的，错的就是错的，叨叨叨个没完烦死了一边玩儿蛋去！,4
作为一个铁路人的后代，我恨春运，它让我几乎没有一个春节和全家人一起渡过，看着新闻说某铁路职工打出大量车票，不当场卖出，怀疑是内部票，我只偷笑，其实那是农民工最需要的＂傻瓜票＂，打出来可以在几天后以最快速度卖出，而春运最大的票贩子不是站在路边兜售者，而是抓贼和维持秩序的那些人,4
哥找了好几遍了，把蛋疼菊紧都删了～,4
另外，以八一女篮目前的实力，就一定是有资格打总决赛的队伍吗？,4
这是不怕人肉的意思么？,4
那TMD叫质疑，构陷就该从词汇中取消了,4
在这么关键的时刻啊。,4
三个臭鸡巴。,4
一本日记拉下马一个局长；,4
丫全给定了！,4
以后别给我提素质，尼玛素质用在脑残身上是隔屁！！！！！！,4
编剧NB啊！！！,4
挤公交也很能减肥哦！！！,4
别以为我是没主见的小绵羊，想在我这里听什么附和的话，免了吧，倚老卖老一边去，我怎么想就怎么说，不爱听就别让我评理，关我屁事啊你妹，爱离不离，跟我有半毛钱关系！,4
三联的态度一如既往地差劲，关门前10分钟就胆敢关灯、赶人。,4
一个自残不已、毒人不倦的民族，你们害人的道德底线到底会止步在哪里,4
你们轮流请我吃饭，否则不给东西，请对号入座。,4
上海虹桥的网络更烂!!,4
方便面涨价了，鸡蛋涨价了，面粉涨价了，汽油涨价了，羽绒服涨价了……,4
来就来了，你干嘛还要烧杀抢掠？,4
上床了，明天六点多就要起床，真折磨人！！,4
学校怎么不断网了现在！！！！！,4
日本的政府丧心病狂!,4
围观那些以各种招术损害创新和创新者的人！,4
坑爹啊啊啊啊啊啊啊啊啊啊啊…,4
我要给淘宝翻了！！！！,4
操蛋的又弱智又白痴，说的话你他妈都不懂。,4
射不死你！,4
他喜欢用就用啊关我P事啊！,4
等了2年才审，审完就tmd这么个结果，这jb活真没法干了！,4
我诅咒你从此以后的所有幸福幸运都将因你说过的谎言而打对折，并且与你所想要的愿望都会背道而驰！,4
还我庚澈庚花魂！！！,4
当时我很想顶两句嘴，大义凛然的说两句——放你妈的屁，你们日本才地沟油呢！,4
我一而再再而三的说宝宝现在不能吃蛋黄！！！,4
1大家今后看电影可别去郑州内个奥斯卡啊，太坑爹了，影片播放前赫然出现了 QQ影音的字样！,4
我敢保证你们会比在绝大多数西方国家还要安全！！！！,5
真有这事？,5
看恶吻才晓得原来PC高中也学对数 他们还有二进制？！,5
&amp;gt;不知不觉竟然都过了这么久了TT,5
我还以为是penny,5
【视频：小三开口那一刻 我震惊了！,5
老爸昨天炖肉把锅弄糊了，今天刷锅，好不容易把漆黑的锅刷的看见原来的颜色后，他漏了！,5
我居然连眼前的蛋糕都没看见！,5
据知情人讲王海军在乡政府内就遭到一干部的死亡威胁，万万没想到的是出了乡政府就被等在门口的三车不明身份的人员打成重伤！,5
而且FO他比FO莱德利还前面！,5
总而言之，柯南就是老不死！！[吃惊],5
我疯了，这世界太小了，居然叫我在大马路上遇见了那个天蝎男人！,5
老梅竟然当夜还在讲鬼故事，汗死所有爷们。[晕],5
强烈的被忽略，还有阵阵的饿，是的，今天晚上是怎么了，为啥大家都饿呢？,5
我过去一看，他竟然在看焦点访谈！！！,5
- - [汗] 怎么那么奇怪。,5
晕，我都很久没上求职网了。,5
照片刊登当日，报纸销售一空。,5
你们居然买到票！,5
老同事们再相见，令我目瞪口呆的是一个个均完美大瘦身，变化之大让人不敢乱认，连打招呼都得经人不断确认不断提醒。,5
OMG！刚刚得知，今晚全家都守在电视前等我出现，老妈说我好抢镜啊！,5
原来JYJ真的取消了深圳场CON啊.,5
我不是黑啊！！！,5
靠，小企鹅好有钱喔,5
惊到喊了声～,5
不过，这个女的也太生猛了。。。(@瞬间乐翻你 投稿),5
墨镜~毛微卷~耳钉~舌头~啧啧啧~你俩。。。。,5
绝对震撼！！！[奥特曼],5
我在这里：#北辰区天商圈#昨天夜里做梦，梦到自己和古墓里面的僵尸打斗。,5
五道口见到鬼了(3)今天早上，我打她的手机，竟然是别人的手机。,5
难道生意好得不用营销？[思考],5
拿的证吓死个人，CFA，CERA（注册企业风险分析师）、CEBS（注册雇员福利专家）、CHFC（注册金融顾问）、CLU（注册寿险师）、MAAA（美国精算学会会员）、FSA（北美精算师学会院士），比他们公司的总裁还高~考证不是没用的~,5
它怎么会在地里这么深的地方？,5
瞬间我人生观价值观彻底颠覆..,5
中午下楼吃饭，我妈乐滋滋跟我说给宝宝喂粥了，我呆住，她又说还加了点蛋黄。,5
王刚？？？？？？,5
我居然认识一个高精尖,5
"萝莉一面回头看看她爸和医生,哭着说,&amp;quot;你们男人真是没一个好东西。&amp;quot;",5
回复@晕晒大浪拿你命:你保送嘎？[吃惊],5
我了个去。。,5
一个没有什么文化的老人，就在快离开这世界的末日，她最后留下的话居然是：韩红你要救苦救难救大众...,5
瞧瞧他各种吐槽，这小鸡太凶残.....,5
杀个回马枪，某天晚上我看到我自己的号码在给我打电话，同时还给我发了条空短信，难道是未来的我告诉我万事ok？,5
这么火。。。。[吃惊],5
可等到天亮，萤火虫都会死，现在听说，萤火虫是为了吸引别的萤火虫才发光，它被我困在火柴盒里，等不来爱情，就郁闷死了。,5
OMG，政safin在NBA新一届赛季中以年薪1032万美金的薪水加盟洛杉矶快船队，并在队中担任扣遍天下无敌手的大前锋。,5
大晚上的给我送惊喜！！[哈哈][哈哈],5
[good] 真是到了一个登峰造极的程度，难道大自然就如此神奇？,5
"他的每一张照片都需要很长时间的准备,最多竟然长达十个小时.",5
这都可以拆？？[吃惊],5
不是喷绘是画上去的！,5
俺大小羽绒服皆洗净收起，雪又来了。,5
神马情况啊？,5
回复@潘潘潘琪:啊？,5
"""我都唔知阿媽原來咁開明…",5
宝宝说：重点是Mv里的那个裸背是我！！！,5
国民素质之低出乎我的意料！,5
今天帮父亲弄电脑，居然发现他的一个秘密视频，开始以为是与时俱进，打开才发现，是我留学时代发给他的相片。,5
我终于明白中国人民银行的性别：女！,5
流动性没了？,5
难道《火影》把《龟兔赛跑》的故事也安进去了？,5
我还能说些神马！！！,5
N年后，命运竟是如此差异！！,5
工作13小时+吃饭1小时+睡觉7小时+在途1.5小时，我居然还有1.5小时自由活动时间！,5
这真是碉堡了，给跪了。[lxhx喵]@benjaminzhai花园 @facingl @勤劳的肖坤 @alcanta2009 @高思坤,5
两遍《ML》！！！,5
清晨，窗外的阳光洒进来，我惊喜的发现，「滴水观音」的花再一次绽放，而这次的花蕊似「观音菩萨」的微笑。,5
介个昼夜温差也太大了吧。。,5
我了个去！,5
农村植物带电，最后得出的结论是测电笔有问题；一对老夫妇家里电灯每晚都会不停的灭了亮亮了灭，他们查无结果，走进科学的结论是电路问题！,5
不知是何方何时酒仙文青在何等心境之下中留给我们的heritage,5
女主持人直播吐槽惊人！,5
这十年他心里就只想着她？,5
不会吧？,5
最夸张的是，公爵把伦敦市中心的灯柱上，全部雕刻上了她的logo和代表他的w，因为爱情！[泪][泪][泪][心][心][心],5
今天真的好巧，很少去夜店，就遇见张栋梁的歌友会！,5
我竟然看到了你的名字！！,5
那性感的小内内也太小了吧，你的小盆友不会太难受吗？,5
另 怎么看不到有关利比亚正规军的报道啊,5
离谱的是少年竟是她儿子的朋友。,5
看到图片的时候，你是不是也大吃一惊——难道还有厨房版瑞士军刀？,5
//@四海康宁: 美国居然也敢谈历史？！,5
我天这是多大的面子新浪居然都报了……,5
没想到，送了以后，我还真又找到了几串更喜欢的！,5
突然发现Stammy胸前那两个明显的假体啊！！！,5
奇！,5
卧槽！！！,5
OMG。。。,5
发现这样真有效果~居然不用化妆品 脸也很软和，怪了！,5
这是哪里的大天坑啊？,5
变李诗人。。。,5
你竟然还没有睡觉！！,5
一大早我看到了神马啊！……,5
然后我朋友拿到学校玩，过段时间再见我朋友，得知他把蜥蜴丢了，问之，答：烟瘾比我的还大，没钱养它。,5
用手机上微博，还玩不转，试着发了一篇小诗，想配张照片也发布出去，太遗憾了！,5
我在贴吧看到一个帖子，说上海演唱会张根硕被泼芬达？？？,5
我去~不是吧，那research咋做?!,5
//@忍术隐身术:居然中奖了[lxhx泪目],5
宠物狗也有了facebook主页！,5
【出大事儿了，他居然又现身了！】,5
【震惊！,5
看到张晓梅的提案，非常诧异。,5
那个自称嗜血天歇的男人！,5
年会最后一曲居然是某人粉的某人的歌《和你一样》（是叫这名吧。。。,5
果然雪儿是童养媳......,5
照片也能被大水冲走阿,5
我靠！！,5
种种迹象都证明猫妈妈产下了狗宝宝。,5
我擦一大早调情这样好嘛好嘛好嘛！！！！,5
//@士可辱不可杀 看不出啊[吃惊],5
今天周冬雨竟然在她的母校 也就是石家庄市第十二中高考 你说同考场的男生还不得疯了 前后左右桌的更受不了了 要是我 直接盯着她看两天 过一把老三的隐啊 话说她今天打扮的还真不错 [花心][花心][花心][花心]要不然下午去她考场门口看看？,5
最贵居然是狗市场买的鸡肉条，一包就55元！,5
黄日华要不要肥成这样啊= =苗侨伟还是帅的杠杠的[good]他承载着我人生第一次见到帅哥的记忆。,5
直到讲到冷战我tmd才悟了.....,5
男主人竟然差遣女主人竟然给她煮泡面，喂药，屁屁屁屁屁。,5
吼塞类啊！,5
[汗] ），真让我惊讶。。。,5
就连发际线都整了！,5
SS3刚开始首尔场的时候是小发夹 后来戴有亮片的大发夹 还换不同颜色 啧啧...,5
今晚另一台电脑上不了Q！,5
震惊了！,5
ABC的新闻居然拼错单词！,5
变化要不要那么大~~~,5
看PPS。。。。。。。。。。。[汗],5
我发现一个很严重的问题，今年暑假湖南卫视还没开始播还珠格格啊，居然播情深深雨蒙蒙了，这明明是CCAV的招牌剧呐,5
[爱心]超巨物图[爱心]最近的图怎么越来越大！[抓狂][抓狂][抓狂],5
真没想到最不看好的小牛突然硬起来了，一直被批评到了季后赛就变娘的司机居然在西班牙人的衬托下转变成了纯爷们。,5
没上车之前就问旁边的人，请问这辆车是开往终点的吗？,5
德国人印度人都纳闷。,5
【这么大的别野，那得多少泡尿啊？！】,5
震惊了，这样玩沙子还是第一次见到 ！,5
这不是柱子么。。。[汗],5
天！,5
微博也有相册了？,5
买了冠生园的大白兔奶糖和牛轧糖，晚上遇到攻略菜父母，原来他们在欧尚超市也买了这2种糖，无限感慨：哪时代的人行为模式都差不多啊。,5
//@学生小韩:真奇怪，这有什么好和谐的，外媒发布文章的URL都给出来了，不算造谣吧！,5
昨天在家看了《将爱》的后三分之二，最后一段尤其匪夷所思，10年来他没换手机？,5
我都没去过安阳怎么就成安阳人了！,5
银行柜员机前现高跟渔网装怪蜀黍！！！,5
Facebook上遇到一个完全不懂中文的马来西亚男玉米，这位同学只能利用比较少的一些李宇春的英文介绍和少量的Cantonese顽强成长着，竟然还不火星，竟然还自己贴了我葱《达人志》的新图。,5
- 哎呀。,5
其实我特别不能理解啊，就恐怖片来讲，深更半夜车子抛锚没有信号的情况下，还敢去森林小屋求助？,5
恐高症的我竟然一点不害怕。,5
该贴证明中国留学生加拿大遇害的杀人犯Luka一年前就登陆了优酷网，上传了自己的资料，并把视频取名为“美国著名的连环杀手”！！,5
发现里面夹的单子上有KRY的FLY，反面是SS3外传的宣传，这个外传到底是个神马东西啊。。。,5
闪瞎你的眼睛。,5
话说这大半夜的甜品店还是坐满了人，这么胖人的东西怎么吃不胖他们啊，香港的哥们真心身材不错也很子弟的说,5
难道他们不知道这词难听吗？,5
//@老刀99: 以为你们两个要亲嘴。。。。[囧],5
后来上车了，不放心又问另外一个人：请问这辆车是开往终点的吗？,5
稠州银行金牛队，也就是我们主队义乌梅湖体育馆的DJ 居然放出了菊花台。。。,5
原来单相思，真的会伤心死~,5
回复@苦逼米PHX:不是吧。。。,5
不知道那些日本人为什么那么喜欢出差。,5
以前吃野菜是为了求生，现在吃野菜是为了养生！,5
在韩国，经纪人居然可以像老鸨子一样揍明星。,5
国产车绝对不能烧的出这效果！！,5
反差也太大了…………………………,5
公交车老驾驶员即刻目登口呆，无言以对，并泪流满面。,5
图书馆遇到比我还多动的人！,5
我们变小了！,5
又想起走年2期热卖时遇到我的大学同学亦一……好小啊这个世界，。。。,5
不就是三八腐女节么，这男的都咋了？,5
回复@猪蹄给托福跪了:原本以为只有男淫稀饭看。。,5
诡异!,5
伤不起呀，比不起啊！,5
紫荆食堂羊肉干锅惊现尤物！,5
没人能猜到的礼物！,5
老天，我第一次，第一次！！！,5
第一次听说，但也很让人信服，因为爸爸的思维方式多半来自奶奶，莫非孩子的思维方式会取决于两代人的优势中和~~,5
今天又遇到老客户了——强坚，每次看见这位女士都不由的让我菊花一紧，结果她后面的那位女客户让我更加震惊——吴菊花！！！,5
若大的一层，连张招贴画都没有，展示架也是空的，更没有音乐和屏幕。,5
即使没有就不能问问人？,5
下午3点，公安局，抢劫??????[蜡烛] 这是怎么啦？,5
一张高数补考卷上有一道大题空着，上面贴着一张100元rmb，后面还有空白的大题。,5
某网友晒爱妻的剩余产能.....当时我就震惊了!!!,5
原以为只能看到像米诺斯一样的长毛兔，没想到今天发现了几乎就是米诺斯的……鸡= =！！！！！！！！！[大惊] [大惊] [大惊],5
[抓狂]我居然忘了带我可爱的身份证！,5
话说六月有个10年聚会，我还愣了愣，10年？,5
一进大堂被吓到了，场面太大了，4对啊，不必这么隆重吧。,5
看到二楼的回复，尼玛！！！！,5
围观党掐着表看的表示惊吓先生第二次通贩20秒左右下架，第一次刷开353，之后223、2、下架。,5
这哥们出来了？？？,5
[挖鼻屎] 虽然有点不相信是他写的。。,5
这天是漏了吧？,5
被震撼到身上微微发冷……,5
哪个无德的人在家门口这样晒鱿鱼的，吓的老子还以为外星人入侵地球了！,5
//@张幼才：这样的人在教学生？,5
当我马上打开灯的时候， 在往那一看，什么都没有了。,5
屌爆了！,5
所以独生子女不是万分之一的可能绝孙子女、外孙子女，而是万分之五百四十的可能！,5
惊人吧。,5
山东省政府秘书长玩了30个丈母娘？,5
哇！,5
[偷笑] 我突然发现微博背景的海绵宝宝也有耳钉 。,5
这人闯红灯开的飞快，竟然单手骑摩托接电话。,5
长沙烧烤牛羊肉造假内幕曝光[围观]】记者花血本加盟当学徒，添加羊肉精、牛肉精、羊油，不管你是鸭肉、猪肉还是老鼠肉，都可以做成烧烤摊里的羊肉串。,5
更让人不可思议的是，这些画静静的依在墙上，只有人欣赏没人打搅,5
5600RMB啊....,5
那个牛仔短裤果然是球球[花心],5
原来巴拉拉小魔仙万能是真的啊！！！！！！！！！！！！,5
我拿着给女儿买的冰激凌，惊呆了！,5
为什么我当年的高考题目不是这些。。。,5
今天在论坛上看到的韩国整容手术的广告[叹号] 这太神奇了！,5
这几天，无锡阳山镇传出稀奇事，当地村民周家养的一只大花猫怀孕两个月后，生下了一只小狗。,5
原来是黄尚勋啊。,5
[抓狂]我竟然被那个考了车牌几个月但一直没有开过车的老妈笑话我笨！,5
居然翻到这张，我是你的眼镜控啊！！,5
我擦！,5
2336*3500 再大一点就是真人大小了啊！！！！[抓狂],5
六点起床就已这温度了!,5
尼玛，看了雷普利才知道以前搭讪的方式都弱爆了有木有！！！！,5
#声优# 最开始打死我也不相信SM系中的帅哥西索跟可爱系的英二是同一人配的，也是他让我见识到了声优的强大！,5
莫非是某种精怪～,5
我天啊，时间转瞬即逝。,5
某班选班花，恐龙级的女生说如果我当选班花，几年后你们就可以跟老公说，我大学时比系上的班花还漂亮，娶到我是你赚到了。,5
★惊为天人之作——不可思议的蓝色圆珠笔画，这比之前创意工坊介绍的铅笔画还强悍。,5
[惊讶]有些人注定是传奇。,5
"今天早上我走出卧室,突然感到一阵强风,眼前的一幕让我惊呆了!",5
刚下了个31SMS APP，准备支持一下杰伦的新事业[兔子]还没学会怎么发短信，竟发现里面有意外惊喜！,5
简简单单的苦恋故事，数百万人类观众看得泪雨滂沱。,5
他说，拜托，我们和你们异性恋面临的困惑是一样的！,5
我还以为让我上去就是做个ppt呢，心想这事简单啊就答应了，谁知道还要说。。。,5
」朋友們都不相信有中午十二點的喜宴。,5
就记得一句台词，挥之不去：＂皇上，您是喜欢臣妾呢，还是喜欢臣妾的姐姐？＂OMG！,5
择一而壹: @i彭三金：「全国震惊，请看图」为防HX，请看图文！,5
（居然无合影照片可供留念）,5
卧槽！！,5
"wow, 显然黄金周就要来了，小小的火车售票处一大早就排了近200米的长队，而且，每一分钟都在变得更长。。。",5
湖北汉川高中生被逼跳河割耳 家属zf大门套说法，竟被特警殴打。,5
果然，下面的石头颜色浅一些，上面的颜色深一些。,5
下午同学说去东门~刚出地铁门，我以为自己下错站了！,5
吓死爹了，这个外地男子一下子把手机砸在苹果柜台上，大吼为什么不给他修。,5
雷死人了 一个大学生到一个化工企业做行政，不知道毛主席叫什么。。。,5
为了过生日，他为何两次入狱？,5
"他将自己当作一块空白画布，加上助手的一点帮忙,他可以把自己画成和身后环境几乎一模一样.",5
居然还在???!.,5
散场了，看到的又是穿着长裙和披肩长发的背影，原来还是女的。,5
说是国庆期间正常回访，不让我到处去，去外地要跟派出所说一声，沃勒了个去，太抬高俺滴本事了。,5
回顾老片，《a river runs through it》，影片前面少年norman怎么看怎么像囧瑟夫，一查还真是他，以前看真没发现...,5
中从头咆哮到剧终 要靠上访的方式救人看来不易啊,5
[脸红][脸红]原来新加坡的潮州粥就是深圳的打冷！,5
枪杆子里面出政权[吃惊],5
当他他给我传过来这张照片时，我彻底被打败了！,5
"我媽話""你們宿捨怎麼這麼失敗的?",5
[吃惊],5
东北人敢在全国地方称霸，唯独在云南老实。,5
整出剧的舞美是最令人叹为观止的，如真的水彩画一般。,5
原来，雌螳螂在交配后吃雄螳螂只是因为她交配之后太累太饿了必须进食以维系生命！,5
肿么会是他。。。。。。,5
凌晨4点醒来，习惯打开微博，竟然不能打开！,5
@_小包崽_ 送你 我的作品 这哪用调啊 关了灯就完了 他说啥你都信呀= =||||||||,5
这则新闻我第一眼看到的印象是奥巴马被击毙，愣了一下，确认了两次才发现不是奥巴马。[哼],5
我看着都腿软了，还那么有诗意！,5
在上海，你不去夜校不知道有多少年轻人在奋斗，我不来国学堂不知道有那么多老人家们还在学习！,5
&amp;quot;我顿时无语了。,5
看到那一幕觉得有点震撼。,5
我一听，震精了。,5
网友 @Happy张江 在50元人民币上发现了《西游记》师徒四人的Q版脸谱，比之前的“百元跪拜猫”更为惊人！,5
进货价只有几百元！！！,5
-靠，小企鹅好有钱喔,5
最后竟然睡着了。。。,5
OMG，是我不关心八卦太久了吗？！,5
震憾：库班岛上有一百多名中国制鞋工人，经美方调查加班工资只有1.5美元，遂要求鞋厂改为5.5美元，鞋厂破产，于是美国宣布将五年以上的工人纳入美国国籍。,5
"看见KRY这图的一瞬间我噗了= =""金钟云你裤子掉哪里去了还有金厉旭...",5
人超多。,5
日本仙台在7.4级余震后出现怪异光线 环球网记者王欢报道据日本NHK电视台4月7日消息，日本宫城县7日晚11时32分（北京时间10时32分）再次发生7.4级地震。,5
——OMG！,5
新郎大惊，忙问新娘在哪？,5
从北京飞香港，居然在飞机上偶遇 @刘忻 ！,5
→开跑车，住豪宅，拥美女→，→果然郑允浩和金俊秀在乡下有一亩水稻田可以养活他们吗[痴呆] [痴呆] [痴呆],5
＝3＝突然科学了啊！,5
一大早多了一粉丝！！？,5
//@海啸HIT:想起了我们高中时，两个同学参加化学竞赛得了一等奖，吉大（拥有全国最牛的化学系之一）通知他们去面试，打算特招进入本硕连读实验班，教委的人居然把这封信遗忘在抽屉里，知道面试结束很久才想起来；,5
[吃惊] 好神奇啊，怎么好端端的就死了，我也是没有见过，竟然现在就在我身边不远的地方，专家们，快出来探讨研究一下了................[威武] [微风],5
他们会利用这种人造骨粉 放在一个机器里 然后复印出跟你原来一样的骨头,5
打开微博着实给我吓了一跳，整个微博都在给何大宝过生日，气势盖过对今天新当选的香港特首的祝福，@何洁 同学，你这是要人气不爆棚不罢休是吗？,5
人与人之间的相似除容貌意外的神似已经是很神奇的事情了！,5
没想到苹果的火爆遍及各阶层啊.,5
这是怎么了.,5
酒店虽然不错，但是我第一次看到这么奇怪的酒店，要到房间，先要电梯或步行上一层，穿过途中的走廊，再坐电梯或步行下两层才能到房间。,5
在水榭春天遇见一销售同事，她曾在LILY MARLEEN见过我~~OH，NO。。。,5
到了星期天，时钟刚刚敲响十一点，通过监视器发现，在星期天打扫的扫地老太太走进加护病房，拔掉重病号的生命维持系统电线插头，然后插上了吸尘器插头，开始打扫卫生.....,5
乙：啊？,5
竟然把DELL D600这个老古董给修好了，真神奇。。。。,5
乃是不是存心弄个亮点出来给我们广大群众娱乐一下。。。,5
父女节呀！,5
超神奇的股市信号，不信都不行……,5
经得母亲同意后我抱起他，他把脑袋埋在我脖子里，竟然叫我妈妈…,5
小光，你果然是AK带大的！,5
擦…,5
这你也信！！！！,5
只有SH的miracle cue (后面蓝瓶)没有反应!,5
今天来上班因为忘记顶闹铃，跑迟到就往小区小道过 竟让惊现G55 妈呀 这个小破镇 还是挺有钱的 劳斯莱斯 都有啧啧 车开太快 忘记拍照了,5
哇靠，刚刚！,5
都在说打雷下暴雨，为嘛我这边一点反应也麻有，乡下郭落头的暴雨总比城里来得更晚一些~ I'm here!,5
700多张截图里面一眼扫到的！！,5
阿！！！！！！,5
最夸张的就是，天亮起来朦胧大雾中我去找他，看他的帐篷号码是44号，就在一个坟墓旁。[吃惊],5
全场静默数秒...,5
//@北京-创艺宝贝:每一只蝴蝶都代表一个被拯救的孩子~震撼~,5
天雷滚滚！！。。。。,5
他是鲁迅的侄子，他太公是慈禧的干儿子，他在70年代便开始演配角，坐的就是大奔，也是第一个驾驶大奔上班的艺人，他和李嘉欣的婆家是亲戚关系，李嘉欣的富二代老公许晋亨看到他也要礼敬三分，他就是……,5
在长沙，每天吃2顿，吃的真不多，几天下来，胖好多。,5
进货价只有几百元！！,5
看不懂就丢人了，我好紧张啊，大家帮帮我好吗？,6
//@季茉Smile_Hyun6002: 吓死姐了。。。。。[泪][泪],6
吧.........OTZ,6
男医生腼腆的说：我觉得你好帅！,6
钱江晚报：[恐怖！,6
伊藤润二的 好可怕T.T @早安丶晚安丶心语: 残害了无数中国同胞多年的重口味恐怖片，要看看不？[生病],6
太可怕!,6
不禁担心昨天出门时，城里的家的门窗关好没有[挖鼻屎],6
把我吓出了一身汗，看来千万不要与出租车亲密接触啊。,6
真心怕了巨型犬打着溜狗的名义去被狗遛,6
不带这么吓人的！！！[抓狂] [视频],6
紧急！紧急！紧急！,6
"//@郝聚民:在中国林林总总的问题中,我最担心的是教育.",6
总是有人敲门，总觉得他会破门而入，然后…,6
还没脱离危险。,6
听得我头皮发麻,6
我怕太紧张想上厕所怎么办？,6
会不会中毒啊！！！,6
T T拜托…,6
"我小时候在农村,很多小孩都爱参与游泳(没有大人相伴),现在想起才后怕。",6
另外，今天晚上，日本的核安全部门透露一号堆里面最多已经有70%的燃料棒已经破坏，但是他没有说是熔化还是破损,6
昨天半夜回家，差点没被吓死！,6
然后，我就开始不停问同事沙面怎么走，然后同事说先往2沙岛方向走，然后我开始问2沙岛怎么走，再然后很巧的我的GPS就死机了一直搜不到卫星信号[衰]你们说，领导会不会觉得我是故意的？！,6
真可怕！！,6
他拿了钱，我国的核电站建筑安全质量会下降吗？,6
我想反对一下，怕哪位大嗓门一怒把咖啡店买下来,6
看到他们，让人不由得心里一紧。,6
但又怕一看满脑子都是下海的小让和小百合....,6
拔牙了拔牙了[打针][药丸][打针][药丸]怕怕啊[害怕][惊恐][害怕][惊恐]求医生轻点啊[大哭][大哭][大哭]我在这里: #同济大学附属口腔医院#,6
好可怕..,6
不要过来老鼠……,6
新年元旦，恰逢妈妈生日，全家到湖南凤凰县城旅游，没想到遭遇血光之灾。,6
土方车真的很吓人，车身沉重刹车不便司机视野也很不好，正常人看到了都会下意识让让开的——但是有很多土方车闯红灯抢黄灯已经很习惯了！,6
抱歉各位，今天晚上没什么好消息，我只是尽量让大家知道多一点，我心情也很沉重，我家人还有两位留在东京不愿意回来。,6
妈呀 我妈妈刚才说昨天不知前天家这无边跨海大桥撞车了,6
地铁里如果有人挑衅逼你打架要小心了，北京台刚播一哈尔滨的案子，老公把老婆耳膜刺破，然后让女的地铁里找人寻衅，引发冲突，报警后，去医院，再索赔。,6
一次次以为自己终于摆脱了噩梦　却发觉是在另一个噩梦里……,6
这是一场有组织有预谋的犯罪！！！[生病]好可怕！！！！,6
才9点多就这样当街抢劫，太可怕了！！,6
我家今天牛腩烧萝卜、炒双茄、清炒蒿子杆，还有鱼丸豆腐小白菜汤，我唯一对鱼丸有点担心，是超市买的~~也是仔仔最爱吃的~~[晕]介小孩眼睛快没神了，疯玩了一天，车上也不睡，回家也不睡，还去上了一个半小时课[睡觉][打哈气],6
大家要小心啊，在三里屯的天桥上。[委屈],6
今天有人越狱，东葛路延长线封锁，现在人还没有找到。,6
其一是闭眼就会看到一条笔直的大道伸向远方，两旁是深深的森林，没来由觉得阴森可怖。,6
这两个恶梦使我少年时就常失眠和夜惊。,6
后来这妞一扭，又是招牌睡姿了[汗] 怕她脖子崴了，赶紧抱回笼子睡。,6
害怕死了还要装镇定缓步走...,6
回复@haha9906: 大哥别这样说人家，人家都不好意思了！,6
所以，今天看精品，得知李总的《对不起 只是忽然很想你》竟然也是堵在双井桥上构思出来的，我森森地羞愧了…,6
当时似被魇住，欲叫不出声，欲跑不能动。,6
有次我住一个小旅馆，梦见在睡觉醒来看见床脚坐着个老太，然后吓得真的醒来。,6
小心脏都要炸了[泪],6
上网一查，这叫动物恐惧症。,6
//@FTIsland吧官方微博:好紧张啊!,6
我忽略了你们，本该花香弥漫的水仙，难道都开始进入深冬眠期了吗？,6
是杀害那么多少年儿童的罪魁祸首！,6
只是现在的太阳不再是自然的阳光，空气中弥漫的各类的化学物质使得太阳的光芒再也不是那样的可爱，而是一种极具杀伤力的致病武器。,6
原来这是病啊！,6
help me！[惊恐][惊恐][抵消][抵消][抵消][看看],6
这个时间，上菜，会不会遭你们这帮女人骂哦？......,6
突然觉得时间好快。,6
可我给不了自己信心，我不知道这是不是高考前的恐慌症？,6
6月1日早晨668路公交车上有谁捡到一个移动硬盘，里面全是公司文档（浩蓝国际网球运动推广北京有限公），本人相当着急，希望捡到的好心人还给我，必有重谢，联系电话15210161404~~ 希望好心朋友转发~谢谢~~~[泪] ~~~[泪] ~~~[泪] ~~~[泪] ~~~[泪] ~~~[泪] ~~~[泪] ~~~[泪] ~~~[泪] ~~~[泪] ~~~[泪] ~~~[,6
今早降落时雾也浓，着地很重，我甚至担心这庞然大物会不会停不住。,6
= =为什么她看过来我有种怕怕的感脚》《,6
想都不敢想呀！,6
我们很着急，请大家的关注和帮助。,6
公交车上一年轻女子眉飞色舞的对同伴讲述她前几日陪一个朋友拿着两仟块购物卡去消费，眼里放射的光芒让我惊竦，……………,6
昨天发了一条不合时宜的短信，真是丢脸，但还是蛮有韵味的啊…,6
第二天女护士死了。,6
钱江晚报：恐怖！,6
损失两千多万，倒霉的金泰金店，曲沃总共就这么大，临近年关，这事儿，好怕怕哦…,6
女孩的父母都是老师，我发现我比她父母担心，开始几周我都去码头接她，后来我也忙，发现她也比我还路熟，也就没去接她了，不过每次我都是揪心地等着她到了才放心！,6
好紧迫啊。。。[吃惊],6
欲掷蛇入油锅，不料仅得蛇尾段，出锅后一男孩竟食之颇香。,6
我是害怕了[爱心传递],6
（惊恐脸）,6
这是谣言千万不要上当,6
还敢迎接这样的太阳的光辉照耀吗？,6
好恐怖。。。,6
那个我现在还在回想。。。。,6
后面那句话更是惊心动魄啊！,6
咳咳,6
张江男在50元人民币上发现了《西游记》师徒四人的Q版脸谱，比之前的“百元跪拜猫”更为惊人，在网上被疯狂转载。,6
在打够级，开始了才发现对门是这个人，当时就吓昏了！,6
婆担心他的身体。,6
"今天真算是彻底体会到了,现在想想都觉得不能理解和后怕,同一个学校的人也会偷自己校友的东西,你让我怎么说怎么说,而且还是在自己学校偷的,心寒心寒,我真是会和一个小偷是同一个学校的感到羞耻!!",6
当间谍真是很危险啊！,6
回复@寂落乌托邦:交友也是校园文化之一，但谈恋爱影响学业的话就值得担心了。,6
还有比这个更大的事吗？,6
重启完了，回收站里还是没有呀，求救。,6
第一次经历...真可怕！,6
哎哟哎哟，放过我吧,6
今听说，人到了四五十岁的年龄，就会听到，身旁的同龄人有去世的消息，那样会哭死吧，还有那时对人生感悟会更深吧....,6
闪电!!!!!!!!!!!!!!!!!!!!!!!!!!!!!!![泪奔],6
啊...,6
路上总有男女流氓冲糍粑块君吹口哨，我们很尴尬,6
敬告所有女生，以后千万别在路上打电话了，这些人渣太猖狂。,6
求助。,6
真可怕，很为他担心。,6
狗狗的后果不堪设想[抓狂],6
真害怕。。。[打哈气][打哈气][打哈气][可怜][可怜][可怜][可怜][可怜][悲伤][悲伤][悲伤][悲伤][悲伤][感冒][感冒][感冒][感冒],6
紧张死了,6
不敢告诉妈妈，不敢说我有去吃三文鱼，只能痛一下就敲一下自己的脑袋[抓狂] [生病] [药],6
挣扎　喊叫　奔逃　祈祷　求神拜佛……,6
还有就常看到一只硕大的手指压向自己，就象捻动一只蚂蚁。,6
这是肿么了啊肿么了[抓狂][泪]312你们看到可不要嫌弃我哦。。。,6
大家一定要格外小心吖！,6
看到别人用数钱机数钱，突然想起来会不会在办公室里同时有数钱机和粉碎机时，数钱把钱误放到粉碎机里碎掉？,6
醒来黑暗处又看到不想看到的东西、看到了odousann、拼命地跑掉…,6
不要装酒、油等物质[上火] 我家油瓶底下怎么是1号，恐怖,6
2亿微博用户不会全体中毒吧？,6
这假如尼玛也太恐怖了啊，吓的我三天没睡好觉啊~~~,6
她又羞又气拿最后一块遮，众笑翻，她一看立刻昏倒，上写：妇女节帅哥免费。,6
今天有个20岁的男孩子在QQ留言，说：为了我跟他的爱，我今天自杀了。,6
突发奇想，遂订明天远行的机票，忐忑且兴奋。,6
哇噻，我地个冷汗直冒，送个祝福也打错别字，还错得离谱，真是哭笑不得，还好删得快，真是的，跟某人做朋友时间长了，也传染了这个毛病！！！,6
试完 我彻底崩溃。。。。,6
因为我怕宝宝到时和我一样暴躁！,6
这句话让我突的一慌?,6
我一度以为和从前一样是鬼压床　不让我从噩梦中醒来。,6
大家小心了！！！,6
好长一段，我好怕，但还是要走……,6
我真的覺得哪天我會死在咖啡手上= =喝太多!!,6
20%的入室盗窃概率，太不让人放心了。,6
我一不留神实话说出来我是托咋办。,6
过山车我坐不起啊。,6
我怕到时候牛不到就淘宝牛了。,6
我还担心了好久→_→,6
昨晚又看了恐怖片[泪] 还是开灯滚床看电影把。,6
不会照这个来领工资吧？,6
还好我没打车回家。,6
我怕被它咬……,6
梦见在睡觉什么的最恐怖了，环境都是生活中的实景，然后在梦中醒来。,6
"生气的老师,有点个怕怕...",6
警察处理时，警车对讲机又传出附近手机被抢的警情。,6
我很少请博友们转发，但这个请你转发：我们的家园在告急！,6
下一步我赶马车算了，那样不怕被拍照！,6
好了热死了！！！,6
肉丸子害羞的说：讨厌，人家脱了衣服你就不认识啦！,6
看到大家收拾东西，办理离校手续，我开始恐慌，大家都离开了，我也必须得走了，但是我却不知道我该去哪里。,6
哇哦，我怕哦。,6
我愣了下，看留言时间，昨天凌晨3点40··········,6
看着梅西怒气冲冲的奔着比自己高一头的兰帕德就去了，真替他担心，挨顿打倒是次要的，玩意兰帕德再吃张红牌，得不偿失啊！,6
小区里遛狗的遛狗，溜孩子的溜孩子，一片悠然，也不知道是什么时候恐慌抢购的，大家这么悠然的恐慌真的好吗？,6
在居家风水中镜子敢不要正对着床位，首先对夫妻双方不利，更重要的是导致招小人，因此一定要引起注意。,6
保洁阿姨站在外面窗台上擦玻璃，看的我腿软。。。,6
13号还有精算，15号还有最要命的建模……,6
"@我:大清早被护士喊醒验血，看她手里五支管管，我就翻胃，她还说又不痛，你紧张乃嘛,md，抽我这么多血我能不紧张吗[泪]，老公说老婆可怜袄，等好了叫妈妈顿鸡给我吃补回来。[馋嘴]",6
成购物狂了，不是上街购物，而是网购！,6
这一天最销魂的是我们那个司机，广东滴大叔，相当不熟悉路，还不太会用GPS，回去的时候沿着环城高速从北到南彻底一圈，限速55迈，开到了90，还一边低头摆弄GPS，于是我神经高度紧张，还好最终顺利到达...,6
床头上的照片掉下来了，就差那么一点点儿就砸中我的脸，当时还以为是楼上塌下来了，吓死了一只大叫爸爸过来救我~~~~~=。,6
我看她笑起来还好，但是没表情或者扁嘴就好惊悚,6
就和周会的坚持一样，必须做，否则十分危险！,6
可怕，中药比西药更不安全。,6
今天用仪器测试了一下，联通3G手机上网时基本没有辐射，打电话只是接通瞬间有500的辐射值，接通之后就基本趋近为0了；而移动2G手机只要一接通就有5000左右的辐射量，即使通话时也有500-1000的值，发短信时有500左右的辐射值，真是可怕呀！,6
我怕痛我怕我会更挫…,6
真的害怕因为这次希澈的受伤，会伤害到韩庚！,6
这是按摩脚的时候按错穴位了吗(-_-)好像戒酒以后产生的禁断症状!!??,6
遵纪守法不乱穿马路的老百姓是不是应该去团购钢铁侠的铠甲啊……,6
#系统管理员# 已经删掉我快10条微博了，我会不会象 @作业本 一样被消失阿？？？,6
帮我数数，我感觉有点不知所措！,6
梦到了一只独眼的怪马兽，它一直在陪着我穿越多重空间的重复转换，当我们要从一个方格里会面时，我害怕我会吓到它，因为，我有两只眼睛。,6
看着手心上泛起的小白点我才想起来今天中午的拔河比赛是多么惊险。,6
昨晚真是惊魂儿啊，，，，刚睡着，一声轰的巨响。。。,6
特别急！@我是龙猫大人,6
话说现在有点后怕 那扒手样子太斯文了吧 还背着个thinkpad的双肩包 年龄二十五岁左右 身高一米七五左右,6
睡梦中又地震，居然毫不知情啊。,6
事实证明，英超球队一旦放弃内战一致对外还是很可怕的。,6
再次感受到昏天暗地，不知所措，心被万千只蚂蚁吞噬的痛。,6
昨晚梦到好多高中同学、一个二个的都变得好狰狞的说～,6
我预感又有灾难降临！,6
看完这个片子有太多恐慌，现场这么多人对司机的疯狂完全缺乏警惕，一篇悠然看客相——[视频],6
恐惧的今天，小心我的肝，小心我的胃，小心我的心，小心我的肺，昨天已喝醉，今天接着累，不想再喝了，我已经吐勒。,6
昨天看电视，一个在文化部门工作的50老人，因为被内退的失魂落魄，由此我想到了，以后我要内退，我该怎么办？,6
为了躲避限号，7点前就奔出来了，结果在小路里堵了一会儿，上了二环都7点10分了，运气好的话不会被拍到吧，担心……,6
有人网上看过照片没留言没转发，最后疯了~~~,6
"【一女子耳道暗藏一只活蜘蛛 医院检查吓得抓狂】长沙李女士最近总觉得左耳道内有些发痒,似有异物在耳朵内,而且异物感越来越明显。",6
其中，危害食品药品安全的犯罪情节令人发指：病猪肉被制成腊肠流入市场，六岁的孩子因注射假狂犬病疫苗病发身亡，不法分子用罂粟熬制拉面汤等,6
昨天起来，看到一只很大的蜘蛛从我手指上还回到天花板，然后爬到角落.....,6
晕~好久没有这样了，网络太方便也不是件好事情啊！！！！！！！,6
脑出血没好，又迎来血栓。,6
我感受到经济表面繁荣后极寒！,6
亲们放心，我很好，也没气，只是怕妈妈看到微博上有人骂会担心，我是火爆脾气，容易冲动，但这一年的教训已经学着不解释了，很多东西吞了就吞了，懂得人就会懂，好朋友还是有说有笑，还是祝福「宫」的播出，唯恐天下不乱者，我惹不起就躲了，娱乐圈，是非地，就那么一回事，明天醒来我还是我，不解释！,6
天皇出来讲话说明事态非常重大。,6
小人确实有时候另我们防不胜防，但我们一定要防，千万不能让小人得逞。,6
目前一直找不到家属，现病人颅内出血，处于病危，已经上了呼吸机了。,6
严重得多了……。,6
突然有点害怕，害怕三月后不能象我想的那样，那我该怎么办…,6
幸亏是在家里，否则这让人听见还不得挨揍啊。,6
情绪没有得到适当的宣泄，我怕引发下一轮的自杀潮！,6
回复@北派七叔:[害羞][害羞][害羞],6
//@光旦复兮: 我也担心，现在的孩子们不相信了。,6
梦见被人嫁祸逃遁，途中行至一粉墙黛瓦清池之清净处，惊现一血红色扁长蛇，头扁如眼镜蛇，着实令人恶心厌恶之。,6
这节目看的我受不了了[惊恐][惊恐][惊恐][惊恐][惊恐][感叹号][感叹号][感叹号],6
外面的雨好恐怖，很多地方估计都被淹了。,6
我每次都觉得自己跨不过去，会挂在上面。。。,6
一打听傻了。,6
所以，检测出的毒性比西药还大！,6
飞哥，这个设想有点吓人！,6
都远离专家声称的近期没有大震的地震带吗？,6
博主，我现已在江南大道南绕了2圈，最多只有江南大道南486号，没有1230号，电话也是空号，不会是流嘢吧？[抓狂],6
[汗]怕她就这么不知不觉的过去了。。,6
外国人整人也忒特么的猛了，这样整人胆子都吓没了！！！,6
很可怕很可怕很可怕。[奥特曼],6
现在还后怕呢。。。,6
最可怕的是她明明很讨厌你还要装跟你很好；最可怕的是她跟你很好却在别人面前说你坏话；最可怕的是日见夜见的人你以为跟她无话不说但她却有很多事瞒着你；最可怕的是她也说讨厌的人却跟他好；最可怕的是你最好朋友出卖了你。,6
= 可惜了偶滴美人兔，它的脸被砸脏了，[@表达1]太可怕了。。。。,6
不敢吃了.,6
= 可惜了偶滴美人兔，它的脸被砸脏了，太可怕了。。。。,6
今天的儿科急诊估计会接近1000，从未见过，太可怕了，医生说是病毒感染，急诊医生态度还不错 @厦门大学附属第一医院,6
静，我宁愿你现在就不要那份钱，快给我回来，姐姐和家里人担心你。,6
我一直很信任，只是很担心。,6
我们这里天好象漏了，雨哗哗地倾盆而下，大河小河都要满了，求三峡大坝拦洪，千万别泄洪了，能拦多少就多少，该兑现建坝时的承诺了，千万别反着来，我们伤不起！,6
@Chenmaoyun123 又要考试，紧张中[汗],6
我一醒来，那个荒郊野外，如果不是大日头的，我一定以为在演聊斋。,6
吓死人了。,6
同样适应不良的还有乱花渐欲迷人眼滴碎花~OMG，逃之夭夭呀,6
今天考试，我昨天就开始紧张，现在做梦梦到高考还会惊醒，一辈子得噩梦！！！,6
再坚持几个小时就好了 T T 摁电话摁的手疼啊orz 我好惶恐啊 等明儿通讯彻底恢复之后，某些电话上全都是我的未接来电和不在信通知......,6
我刚才听见有窗玻璃摔碎的声音！,6
我加快脚步他也跟的上，吓死人了！[抓狂],6
我有点接受不了！,6
我国共有多少核电站？,6
一个比较恐怖的名词 做起来也不是那么恐怖。,6
看到嗓子眼儿啦。,6
我最怕女孩摆出一副苦样。,6
绝对重口味美剧：《1000种死法》 这个节目里的死亡案例都是真人真事，大部分是以案件重演的方式呈现给观众，有少部分则是实况录像，一集大概20来分钟，包含5、6个死亡实例，有恐怖的，有离奇的，有倒霉的，也有很笨蛋的，而且每个案例都会请来不少相关学者做专业解说，深入分析死因，知识性很强。,6
头痛了几天，同一个地方，每隔几秒就像被拉扯到神经一样痛，靠，不会是脑子长虫了吧？,6
今天青岛有台风啊~赶快传完文件回去躲起来。我在:,6
但是又开始担心= =||,6
这个吓坏我了~~看看这些孩子，你就知道中国篮球CBA和美国NBA的差距了！！[视频],6
还没上机，传来的又是坏消息。,6
//@疯孓疯了_y:别吓我啊！！,6
老天你放过我一次吧……,6
真吃死了多冤啊！,6
@数字影像工作流程 大师救命阿！,6
宝叔说，人有时走着不顺，调整步伐，垫一步就顺啦，如果还不顺就垫两步：）所以我固执的认为，早上没赶上[飞机]，和此时昆明飞芒市的飞机delay，是我为人生垫的两小步步，垫完就顺啦顺啦[偷笑]只是我真的害怕夜间通往瑞丽那崎岖的山路[可怜],6
核危机在继续升级，让人揪心。,6
真是太可怕了，光天化日，首都的CBD核心发生这种事情，让我们这些上班族提心吊胆啊，希望@平安北京 能够加大对团结湖附近犯罪的打击，还北京平安,6
会被和谐不？,6
明天的辩论赛，在因学业而不得不放下一个学期之后，终于又能以攻辩的身份站在台上，莫名的紧张，甚至开始怀疑自己……,6
住在云南印象的杨家，前天晚上金银首饰也被洗劫一空，害得我们大家晚上不敢睡觉了。,6
包括我在内的所有普通民众，对这次核电站事故的影响，怀有恐惧心理，希望政府能在各大强势媒体上让真正的专家解读一番，从而打消人们的疑虑，或者教会人们面对影响的方法。,6
本知是药三分毒的道理，所以尽量少吃西药，觉得中药就是动物植物入药而已，所以没有忌讳，哪里想到，我们吃进了更毒的药！,6
回去的心情，紧张，坦然。,6
打雷了!!!!!!!!!!!!!!!!!!!!!!!!!!!!!,6
曾经我的噩梦啊亲！！,6
如果是真，太恐怖鸟。,6
环境污染已经到危险到我们的孩子了!!!,6
沙发位置也是如此，一定要注意。,6
还是国产机敢玩，4000多毫安的电池，这款innos D9据说即将上市，不知这么大的电池会不会。。。。！！！,6
要过年了，大家要小心啊！！！,6
其实我和他们一样焦躁不安，或许我在北京比他们办事有时候更方便，那又怎么样呢？,6
[害羞] @Penny畅:[害羞][害羞][害羞][害羞][害羞][害羞][害羞][害羞][害羞][害羞][害羞],6
"这样没脸见强强啊,俗话说：头可断,发型不可乱！",6
我们不知道这一天什么时刻来临，但也许就在15年内的某一天降临。,6
吓得我赶紧往回跑，好在没误骂110[衰],6
两个人吃一餐不会要上千块吧？,6
不知是因为昨晚没见还是要出去几天 很是惦记呀。。。。,6
尼玛我会不会被投诉啊啊啊啊啊？？？,6
我哥正在电脑前和我聊天 正在电脑前和我聊天 和我聊天……[怕怕],6
有高手医生可以救救他吗？,6
不过在大庭广众下透过话筒被叫真名的鸭梨真的大大滴有[汗],6
他偷东西把我吓着了，所以没拍到照片。。。,6
都跟你们说了她最近大了很多 [懒得理你] 你们还笑人家平胸跑得快,6
这种情景在电视剧中出现时往往是不好的预兆。。。。,6
遂拿开水灼蛇之上半段，终将其制亡。,6
大清早的又去工地，还要走这样一条可怕的路。,6
这才是可怕的。,6
可怕不？,6
[生病]电视里突然全红紧急地震警报，好久没看到这警报了，好紧张，还好东京摇得不太厉害，震源在茨城，5.3级,6
不要下雨啦，还下雨我的游泳票就浪费啦。,6
不会是伤到了吧？？,6
救命！”,6
好热，昨晚没睡好，做了个噩梦，还好会醒过来，梦里痛苦挣扎，以为挣扎不过来，吓死我！,6
然后这个读者的头像用一道很沉重的黑色斜着划了一道。,6
都不好意思了！[害羞][害羞],6
缺盐危机：接到朋友电话，全杭州疯狂抢盐，超市已断货。,6
由此可见小人是生活中常见的、是对我们不利的，因此一定要预防这类事件的发生。,6
我少年时半夜还曾看到一青年女子站在我床头，月光之下，清清楚楚。,6
我是真的害怕了……,6
不会中毒吧？？？,6
跟他进去的时候紧张死了。,6
恐怖的凤凰！,6
我害怕离别 我害怕看着火车远走一个人留在站台上的画面 我更害怕看到那眼泪迷糊的双眼,6
@黄备临 不好意思啊…,6
我妈还在旁边呢我情何以堪啊....,6
太恐怖啦……,6
那年，我在高考，或许在为上哪所大学惆怅···如今，社会的考场无时不在考验着我们，天天都在高考···高考啊高考···考啊考！,6
惊险一幕！,6
医生把进推到手术室，不敢动手。,6
你别不要我，我不会自己回家。,6
小人得逞确实能给我们带来非常不利的影响，严重的会影响人的一生的。,6
我感到忐忑不安，六神无主。,6
以后我尽量不坐摩托车了，走路15分钟也比在摩的上担惊受怕好。,6
好害羞哦[心][给力],6
乌云压頂，准备暴雨一轮了，没带伞，等下谁来为我撑伞，我会很感谢的。,6
“阴兵借道”的现象在中国好多地方都发生过，最著名的就是故宫，五点之后的故宫，就经常会有一闪而过的宫女、太监，甚至传来人的哭喊声，让人毛骨悚然。,6
今天的CET4 除了作文 别的我都不知道是怎么做出来的[挖鼻屎] 祈求上天保佑！！！,6
有點心悸的感覺= =好不舒服= =我今天咖啡才喝一小杯而已耶!,6
如果把四张SIM卡全都放进去，这是多大的辐射量啊！,6
鬼片真是吓死人了！！,6
生气了吗？,6
——我只想说：我感觉压力很大！[抓狂],6
结果对方说：你赶紧把车开走吧，一堆车主打110报警说你的车堵住人家出去路了！,6
聚焦艺考培训乱象：“速成”的圈套(组图) @新浪教育）,7
三是保障性住房用地政策执行有偏差。,7
一月一次的催专栏日……,7
淡水白鲳，最大的脂鲤，是食人鱼的远亲，原产于亚马逊，草食性鱼类，以掉落水面的坚果为食，1950年代以后被联合国引进巴布亚新几内亚。,7
胸毛！,7
[话说停车难]：那天实在找不到停车位，咪表大哥暂时给我停一个小路口。,7
//@摆古论今: 可爱的屌丝男，为了自己的理想，拼了！,7
估计是不小心删除了，一辈子就一次，大家工作时一定要注意。,7
突然就被调戏了。。。。,7
习惯一起去陌生地方玩、习惯一起吃很多、习惯逛街把钱花光光、习惯不介意、习惯了我的花痴你会爱文艺男青年……,7
【女子疑敷屈臣氏面膜暴毙 屈臣氏称符合国标】近两天，一则因敷屈臣氏面膜致顾客死亡的消息在网上引发关注。,7
//@菲儿低调中的奢华:[蜡烛][蜡烛][蜡烛],7
男人从女人那最想得到10种东西:一、多给他一些尊重；,7
谋生者可面对众多岗位，符合追求事业者要求的岗位却很少，但找到此平台后，对我们和企业都至关重要。,7
越南媒体报道称，中越在本月19-20日举行了海上联合巡逻任务。,7
如赋，我给同学们唱了一首《小芳》：村里有个姑娘叫小芳，她长得好看又善良……,7
@微博经典段子,7
阳气旺则经络通，阳气虚则经络衰闭，阳气亡则经络亦亡。,7
古浪，不仅是国家级贫困县，还是全国最干旱的十七个县。,7
宁波市民族宗教局副局长顾卫卫，奉化市统战部副部长、宗教局局长胡建平；中国佛学院副院长向学法师、张厚荣先生，雪窦寺方丈怡藏法师，宁波天童寺方丈诚信法师等出席了此次典礼仪式。,7
据介绍，事发后，店面经理提出餐费打八折，但被刘先生等人拒绝。,7
大众迷当然不能错过这款车。,7
这个时代朱肉都发光了…,7
Rock time！,7
快来吧 虽然晚了这么久 但已经用这么多年积攒了足够的决心,7
哈哈哈。”,7
他在对Goal.com的声明中表示穆里尼奥希望小烟枪能够帮助球队赢得欧冠。,7
想知道你是“弱爆了”还是“屌爆了”？,7
收到了锦里的明信片~,7
手上只有一片叶子，不能跟树林所有叶子相比。,7
对于电动车违章处罚有什么看法，大家一起来讨论一下！,7
男土女金--土金夫妻很姻缘、两口相爱至百年、内宅平安六畜福、生来女儿均团圆,7
以后注意~ @杨幂吧官方微博,7
此次旅途小计。,7
十八岁，以后不会再比自己有病噶机会！[心],7
每种力量是互相平衡的，掌握这种平衡是领导的艺术！,7
那我应该早就死了已经……,7
回到北京了。。。。。,7
@DISCOVERY6065,7
总算留住了一位剧作家。,7
事故导致轿车内4人死亡。,7
德国两名设计师sascha urban和dorothea wirwall将独轮车加以设计，打开车上的胶合板后，通过简单的操作，就会出现一把带软坐垫，靠背垫以及电脑桌面的椅子了。,7
#楚霸天下俱乐部梦想物语#这个微笑，用尽疼痛的力气；,7
世界总是一样的，只是我们的心情和遭遇不一样而已。,7
长城会+NAVTEQ 开发者日活动将于本月22日、24日分别在北京、上海举办。,7
【习近平今日现场观看NBA湖人队比赛】,7
今天，我在里面，你在外面。,7
只见保罗在三分线外一比划，篮下的队友都被晃飞了。,7
晚上十一点半地铁停开了，从新天地打车回家花了八十八块整。,7
//@刘旗辉: 啥意思？,7
这个不知道啦，我还比较小,7
我要坐到右面去！！,7
好，我们再改！,7
此人实际上是杀人犯！,7
她是说如果失去sb就衬托不出她的聪明了！！！,7
[熊猫]@足协徐磊: 今天不经意间又看了一遍，这是讲的08年欧洲杯期间裁判的故事，看看吧，做裁判真的很不容易。,7
【奥运半程乌龙盘点:东亚成重灾区 美国国旗被吹走】伦敦奥运已经赛程过半，但其间发生的乌龙事件却数之不尽，美国国旗在颁奖仪式上被吹走成为最新的“笑料”。,7
最后5岁弟弟扮萌耍赖气哭7岁哥哥！,7
"从2月19日女儿开学才走一天,20日就被强制传唤，25日被关押在新钢分宜铁坑矿招待所，直至3月15日释放。",7
旁边一老太太站着看了半天了，忍不住了，上前就问小伙子说：小伙子你真神了，你能治痔疮不能。,7
//@就想支持你,7
炒个蒜蓉小豆苗搭配起来吃，味道还蛮不错的。,7
其政府透明的管理模式，确保了伤害降至最低。,7
旱灾使当地农产品价格飞涨，目前东非地区高粱价格较去年同期上涨了240％，玉米价格上涨了117％。,7
我每次都很珍惜地看各路小朋友的简历，一年足有几千份。,7
+我一哥们儿，练体育的。,7
滑坡到来前，斜坡局部沉陷，山坡上建筑物变形，泉水、井水的水质浑浊，原本干燥的地方突然渗水或出现泉水，蓄水池大量漏水，地下发生异常响声，同时家禽、家畜有异常反应，将有可能发生滑坡。,7
搞卫生是个问题。,7
这一年是在济南举行的颁奖典礼。,7
白天雷阵雨，最高温26℃，无持续风向，微风；夜间阵雨，最低温21℃，无持续风向，微风。,7
【英媒为中国羽毛球鸣不平：打奥运不是为取悦观众】国羽消极比赛引起广泛指责，但在英国《卫报》看来，对中国羽毛球运动员的指责很不公平。,7
早先大肆曝光鼓噪瓜瓜，死者的间谍身份皆可窥端倪。,7
2、不必一味讨好别人3、好心境是自己创造的,7
今天录开场王野介绍许飞时唱了左半边翅膀~然后大家使命鼓掌~然后这二娃就指着我们观众说你们全是飞碟！,7
小伙子说：我本来想约暗恋的女孩子一起，打电话给她。,7
不适合你待[咬手帕],7
二战时发明计算机的初衷是计算炮弹的轨迹以及破译军事密码。,7
球星Pk，孰是高手？,7
[蜡烛],7
主要从事古生物、现生生物和人类学的标本收藏、科学研究和科学普及工作。,7
今天，它已经成为中国市场经济的最大敌人。,7
1997年年底，在本·拉登的指使下，艾山·买合苏木（东突头目，已被美毙杀）在阿富汗建立了自己的训练营地，成为本·拉登基地组织的共同问题顾问。,7
我送他一个花名：口水王子。,7
买了西门子，准得恶心死；,7
佛言禅语:1发现自己的错误这就是开悟；改正自己的错误这就是成就。,7
我写的太多了写得太久了我自己都累了，你怎么还是看不懂？,7
他是第一个抱我的男人，他是第一个听见我哭看见我笑的男人，他是第一个叫我宝贝的男人，他是一个我相信他说的承诺都会做到的男人，他是敢和我说一直会陪我到最后的男人，他是不管我错对美丑都觉得我是最好最优秀的男人。,7
世界没有悲剧和喜剧之分，如果你能从悲剧中走出来，那就是喜剧；如果你沉缅于喜剧之中，那它就是悲剧。,7
还拿眼睛扫我。,7
全国人大常委李肇星在长江商学院年度论坛上对比了中国和美国日本的差距，让大家认清差距，前途任重而道远。,7
细致裹身的Monique Lhuillier花朵镂空连身洋装,7
人在跳板上，最辛苦的不是跳下来那一刻，而是跳下来前心里的挣扎无助和患得患失。,7
昨天集团会上发言很有所保留，因为想低调、也不想成为大家的焦点，但又想给小初社长和团队作个广告，收到许多认识和不认识的电话及短信，好像也有取经和谋求共同发展的，看来不少人敏感性还是有的。,7
山脚的人很多，你很孤独，因为他们都听不懂你说什么；山顶的人不多，你还是很孤独，因为你都听不懂他们说什么。,7
5、士兵们，枪口要对准罪犯和窃国者，我们是你们的父母、兄弟和姐妹。,7
亲，这是暨大考场专用的。,7
给草草死神跪,7
有一个跑了，现在已回来。,7
加拿大的冰酒；,7
庸人说谎，胡编乱造，智者说谎，一套一套；,7
更受关注的英超方面，利物浦已经宣布从纽卡斯尔引进本土射手卡洛尔——这也意味着，接下来将成交这个转会期最重磅的交易——托雷斯转会从利物浦转投切尔西。,7
我不等你，你也甭等我。,7
我为巴萨奏响一曲战歌，迎接伦敦球队的到来，不会忘记斯坦福桥的仇，我们已见到皇马在诺坎普不再消瘦，即使联赛已到头，欧冠以然在心中拥有，今天的诺坎普我们不会再失守。,7
我得到的爱是一百万分之一 什么是爱呢 ？,7
期间由于世界杯，亚运会，CBA的赛事没去考。,7
"罩杯字母的含义 ：A罩杯—Airport：机场, B罩杯—Barely there：那里几乎没有, C罩杯—Can do：凑合用, D罩杯—Damn good：真合适, E罩杯—Ecstasy：令人销魂, F罩杯—Fake：假的吧？",7
昨晚的限制级视频终于传好了[视频] 提醒：里面诸多18禁词汇未满18周岁的孩纸请自觉绕道！,7
看到留言.,7
菲尔普斯前两届奥运会一人独得六枚与八枚金牌，而这次居然才拿了一枚，这太不正常了！,7
而最后，就这样莫名其妙地彼此错过……,7
//@Team_黄展锋:哦……,7
二比零！,7
临时入境的，开车的是一对外国老夫妇，还热情地跟我们打招呼~,7
"//@夜夜工体:大,小馄饨的区别原来是这样的啊 学习了",7
店内有sk8全线产品和其他品牌潮流休闲男女装 欢迎造访 鼓楼东大街140-1号 距离南锣鼓巷北口300米！,7
所以我称之为仅次于政体的问题。,7
作为一个土生土长的上海人，近期看到不少社会秩序的混乱，真心希望上海市政府，能够出台对于外来人口往来限制的举措，相信此举是必不可少的，是国际大都市持续发展必不可少的，能让上海社会风气更加文明稳定，让上海更具有吸引高素质人才的魅力，让上海的大街小巷更加干净美丽。,7
提高个税起征点，必然赢得广泛的民意支持。,7
如今诞生于1898年的双妹走进我们的视线。,7
开封老人收藏千余份婚书 最早可追溯到乾隆年 #VIVA畅读#,7
硬盘中有蓝教授写到2009年年底的著作资料。,7
25号本小美生日……,7
2.对新生事物反应迟钝的人；,7
忘了关那扇门那扇窗,7
多大了？,7
@Summit28,7
让家住城市而又渴望种植的人过一把瘾。,7
马赛主席已经表示希望4年合同迎回魔兽.,7
接近此事的人士称，此人在总行营业部经理赵连成被查前后逃跑。,7
或许是我们在以物为荣的世界走得太累，所以迫不及待想找到他们。,7
因为他太真实了，他是关心人心里面的东西。,7
1. 3-4 片柠檬和 4-5 叶薄荷。,7
屁股上涂口红，猜一歌星。,7
国旗悬挂遭遇双重标准的时候，你新华社@新华体育 可有声援一句？,7
看到精算课期中考试分数不及格，我果断淡定的端起碗去煮面了……,7
福、祸、大痛、安平，要一一尝遍，就当是素颜修行。,7
是谁发明了婴儿这种外星生物，完全无法沟通，裸机一部，没配任何文档。,7
当你的耳朵听到太多东西的时候，你就开始听不见自己的心了。,7
看来要快捷地打败一位绝世高手，最好的方式是给他按一个自高自大的弱点·~,7
再来一个新闻哈 ：得益于广告宣传安排得力以及促销礼盒装，NPD集团公布女性香水销量年度排行榜。,7
【马英九：绝对不能认同台湾保钓者带五星红旗】台湾“总统府”今日称，马英九对保钓人士未携带“中华民国国旗”，却带五星红旗的作法“感到不可思议，也不能认同”，已请“行政院”要求相关机关检讨，防类似事情再次发生。,7
只是一方面，他会接受并允许这些所有人与生俱来的特质和情绪；,7
中秋三天，两部电影，《大武生》和《全球热恋》，个人更喜欢《大武生》，帅哥加美女，复仇与暗算，再加点江湖正义、小幽默，有故事情节，有表演惊喜，只是在人物性格刻画上稍显不足，转变不透彻；,7
~~~要么给足狗粮，要么让我做野狼。,7
近日，上海宝杨路一处码头忽然出现许多火赤练蛇。,7
有人变得风流，见一个爱一个；有人冷漠，再不会拿出真心爱第二个人；不是每个人，都适合和你白头到老。,7
@女流氓文摘,7
看看湿人曹植对甄姬的爱，到底有多爱。。。。,7
市交管局证实，事故中小轿车内4人死亡，两车损毁，肇事货车司机为河南人陈清富,7
牙膏刷不掉！！,7
连咱的牛都抗生素了，何况人乎，咱，只能自己修练成百毒不侵之躯，任它毒奶毒食毒气毒水毒菜…,7
他要这盏灯，只是觉得它美，紧紧握在手里，照明夜色中回家的路。,7
想法一样就好啊。,7
有些人，你说不出哪里好，但就是谁都替代不。,7
有点小感悟.,7
当你最终顺了自己的心，而不是遵循生活的习惯，我自己选择了方向与路途时，你就不要抱怨。,7
好好工作..,7
一个听到音乐就捂住耳朵狂叫痛苦的样子。,7
//@jiangrong亦亦:我擦 我的宽 来世我们在见,7
开玩笑啊我家老床了！,7
有钱人才能叫忧郁，你那叫忧郁吗？,7
327武汉飞青岛下午5点航班，申请团体票现在十人已经成团，有想买票一起飞回来的赶紧联系我，票价大约300多+140的基建燃油。,7
张艺谋收钱愿配合调查 [视频]@最搞囧视频,7
今天的摄影大师是新手小新爸爸..,7
文物是古人留下来的，景区也不是谁家私产。,7
但经常会遇到没有位置的情况啊……,7
第三方理财只会是理财市场的补充，不会是主流。,7
@星座血型测试:这就是双鱼座，很准,7
熊伟和陈(详见长微博) ... @长微博原文）,7
//@呼吸面包香:这个和罗志祥有什么关系？,7
今天才画完的漫画卓玛，，5天出一张图，，这已经是我最快的速度了[泪],7
【这是动力】每次用迅雷下东西，当看到速度低于200时，我就默默的把qq旋风打开，然后就看到迅雷贱贱的把速度提到了400以上。。,7
与儿子夫人乘兴归来。,7
2.男人与男人之间，只要臭味相投，就是铁杆朋友；,7
我没有大家的电话了。。。。,7
"近日邓锦杰生前所在公司老板拿出1万元悬赏,又有20市民悬赏10万征被救者线索,却仍未找到被救者!",7
学雷锋是很累的事情，舒舒服服学不了雷锋，为人民服务也不是舒舒服服的事情。,7
起床了,7
小时候都是父母琢磨着怎么给我们过年，今年想想怎么给父母过个年吧。,7
《世界上最让人没勇气坐的椅子 》这个创新大胆的椅子有100个减震器支撑这个椅子的表面，坐上去的时候，它的表面根据你的体型自然下凹。,7
//@撷芳主人: 左侧画像上是个年轻的士人，右侧的塑像所植蓄发已脱落，均戴装饰了如意云头的“飘飘巾”，身上都穿道袍，用白色护领，护领宽窄并无规定，画像为窄护领，塑像为比较常见的宽护领。,7
很少有人在18年后忘记他的歌；,7
纪念、警醒，立塑像的意义远不如每个人从自己做起不再冷漠，每个父母从自身做起看护好孩子。,7
这一点不意外。,7
很多女人感叹自己这一辈子算是白活了——想当初，二十岁时，没色心也没色胆；三十岁时，有了色心，但没色胆；四十岁时，色心色胆都有了，回头一看：他奶奶的，色男人都没有了。,7
#小米MIUI亮点炫#【小米网盘功能亮点】,7
//@厚地远天文森特:伊朗核工业体系遇到产业升级的人口障碍了？,7
现在的小孩认为会唱Billboard排行榜上那些红歌九洋气了，No！,7
[猥琐] 懂得吧！！！！！！,7
对了.,7
晚上和几个同事在酒吧喝酒，结果一哥们手机鬼使神差的拨通了他老婆的电话他竟然一点也不知道。,7
可以放我一个星期天吗~,7
好朋友已经学会谦让，分享，友好，照应，四个孩子都长大啦。,7
其他上榜者,7
[帽子]哪怕再怨恨你。,7
祸起存单质押 2007年，一位山东济南的车主刘济源投诉至媒体，他所购买的一辆路虎揽胜发生了严重的质量问题，要求经销商赔偿误工费135万元。,7
目前全省受旱麦田达3000多万亩，其中重旱近400万亩。,7
说他要拉就投诉他！,7
@GLX智能手机 你们的旗舰店什么时候上线？,7
里面基本上都是lovelove闪光图，看的时候得戴加厚墨镜。,7
回复@唐圆圆_滚滚思密达:对的！,7
而且失去的更多.,7
@某枭黑花中毒死,7
我上次也不知道怎么弄好的，我把短信数据库给删了，然后发一条短信过来重建了数据库，重启好像就好了！,7
把辛苦钱留着以备不时之需吧,7
2011.05.21 涂鸦——2满人间。,7
#蒋懿案#@甘元春律师 及附带民事原告人刘永容三人一同被法庭驱逐。,7
现在100亿美金！,7
我想说中国皇帝有上千个老婆呢。,7
世界上最痛苦的事就是笑脸相迎你最讨厌的人。,7
双头燕谍照，大家瞧瞧什么新品出来了？[嘻嘻] @点线_cena,7
最近头疼，感觉是每天早睡早起觉少了…,7
没有iCoffee怎能自称iFans呢！,7
国内的企业赶紧加油，加大人员培养，市场销售，加强流程与管理，快速打造内功！,7
地址：江南区新沙洞648-13号（狎鸥亭CGV后面）@韩国旅游发展局微博,7
?? 电子书市场强将新兵不断涌入。,7
@正和岛刘东华,7
但通过合作中的种种，我为这个企业的前景堪忧。,7
刚听到八频道《沙子宫殿》里的台词，父亲有意给两个儿子介绍女友，但担心兄弟俩看上同一个，哥哥说，他是我弟弟，我连生命都可以给他！,7
但又有几个不贪的人呢?,7
以及标榜all about the voice能别everything about the experience么。。。。,7
图为农民在田间栽插水稻。,7
这么多年过去了。。。,7
我的这段初恋。,7
//@米唐Mitang:我爱你，中国--汪峰 台湾版和内地版都还不错，台湾版的更好一点。,7
10月22日17时发布。,7
又想到那句话「假如有一天我不在，树在」。,7
张江男在50元人民币上发现了《西游记》师徒四人的Q版脸谱，比之前的“百元跪拜猫”更为惊人，在网上被疯狂转载。,7
"生活难过了,想哭就哭把,谁规定一定要笑.",7
我和电视台的合作也有很多年了，基本上算是熟门熟路了。,7
//@石扉客:完了，@鲍老鲍:在这件事情上，吴法天、许志永都表现出了法律人的本色——尊重事实和理性、而不是用立场解释事实。,7
少肉多菜，少糖多果，少食多嚼，少车多步，少停多动，少言多行，少烦多眠，少怒多笑。,7
或许吃得不好，可是却依旧为对方擦去嘴角的油渍。,7
包邮哦亲。,7
人生学习三宝：谛听、接受、思维；,7
#一鸣惊人#采用iTunes无台标高清720P片源压制480P-MP4版本，,7
在神农架遛了两天，突发灵感：60万里花影路，十载寒暑色香途。,7
你们斗误解了欧美音乐！,7
双寡头不断通过封闭的技术升级，裹挟着经济和政治利益，一步一步地将其他集团远远抛在身后。,7
"@虫虫-V : 我被分到郑州市儿童医院实习,你们说到底好不好?",7
【阿迪达斯携手NBA推出季后赛球迷系列装备】NBA季后赛激战正酣，争夺总冠军的较量正在激情上演。,7
给谁吃都是吃。,7
你开车，撞死了一条突然蹿出的泰迪狗，一群狗主围上来要开打：1，要么你赔5000块钱或赔一条狗，2，要么你给狗跪1个小时赔罪。,7
沧浪之水清兮、可以沐我缨，沧浪之水浊兮、可以沐我足！,7
//@lava-gpds：考试落榜=死亡，说明这个孩子生活在一维世界中，真实的生活应该是N维的。,7
做好一个穷人，有骨气就行了..,7
发表了一篇转载博文 《[转载]台北藏宋四家墨迹》 -,7
4.干红薯藤适量，水箭服，可治消渴。,7
深呼吸。。。,7
现在正在看火箭的比赛.????????????????,7
2、喜欢吃家常便饭多于外面的餐馆；,7
如果没有观众，几个人一起玩玩，你比输比赢，都可以，观众看比赛本身就是商业行为，运动员比输，属于商业欺诈。,7
这张图！,7
过去7年来，赛车场只多建了一个鄂尔多斯赛道。,7
//@神秘震惊事件: [心],7
我没玩游戏，没空。,7
慢慢我们明白，在漫长的人生中，时间、责任就像是地上的沙砾，惟有紧紧抓住时间、勇于承担责任的人，才能将这些普通粗糙的沙砾变成可贵的金子。,7
[国王的演讲]：在西方由于经济衰退和更复杂的价值迷乱带来的信心危机背景下，奥斯卡奖颁给此片是很自然的事，符合该奖主旋律主旨。,7
#818二手车# 水淹二手车，水到底有多深？,7
逛街又购回两双新靴子:一双高跟一双平跟。,7
他不想说的东西，你问再多也没用，他要是想说的，他自然会告诉你,7
//@Ben宇:就俩小混混，真见血就蒙灯的货！,7
今天我们请来了非常道给力嘉宾文国庆、张仕元与杨光一起探讨《春季攻势开始了！》,7
诺基亚是刘德华，无明显缺点，一直很努力.,7
我也才考！,7
各位，一定要充分估计路上的时间，可能比自己想象的要长。,7
你在那边还好吧。,7
@王焕琳tsrjpf,7
突然想起，我小时候过年，女孩子们头上还要戴花的。,7
体验厅的店员需要接受那些培训？,7
他在这里终于找到了宁静。,7
"【视频自制监管规则或4月出台】 去年12月,国务院法制办首次公开披露《中华人民共和国电影产业促进法》,面向公众“征集意见”。",7
想到这儿，似乎能闻到了春风的味道。（舒凡）,7
难过是什么？,7
其實我在家不太鬧...,7
另外博斯克应该对这个结果非常满意，西班牙国家队的大半主力可以提前休息了，除了用来找回比赛状态的国王杯决赛，巴萨余下的比赛完全可以继续宠梅西——反正他来自南美，这是西班牙卫冕欧洲杯的福音。,7
另外一定要多喝水，lulu可要保护好嗓子啊 @修修修修修,7
我宣告嘴下角长了一个痘痘，遭到女儿的讪笑：青春痘！,7
7.让别人相信你脑子里的是真正的好主意。,7
若是，我宁愿到那里当个电工或者掏阴沟的。,7
除了烤的时候油烟大一点儿，其他都很简单加方便。,7
此事造成一号线地铁延误三分钟 - #CBD网#,7
月既不解饮，影徒随我身。,7
//@张武:什么不一样的心情？,7
事情不如咱看的表面那么和谐嘛~人WF有说了咱家维尼去的都是loli和维尼散饭！,7
"据中国地震台网测定，北京时间2011年1月12日9时19分在南黄海（北纬33.3,东经123.9）发生5.0级地震,震源深度10公里。",7
所以我们在电影里看到了男仆咖啡馆，BL声优的现场表演，以及很多的男男意淫。,7
依赖的是一颗平常心：常怀一颗笑对人生冷暖的平常心，就有圆融丰满的喜悦常相伴随。,7
[泪]因为害怕吓坏别人，所以在自责中虐死自己。,7
而今天可是你在家人面前将过去一年来的兴趣成果拿出来现宝的好日子呢。,7
每次都是四点多才想睡，睡醒起来吃饭，没胃口。,7
四年里改变了很多，未曾改变的是你不用担心自己是一个人，有个人从过去到现在一直在。,7
我刘方接的任何案子都漂漂亮亮！,7
//@金属迷 [鼓掌],7
"渔家女 mp3,渔家女歌曲试听,童丽 歌曲渔家女在线试听 - 5nd音乐网 @5nd音乐网）",7
4 小学，他牵着我的手爬楼梯，我甩开他：你是弟弟！,7
为了解决老无所养问题，我们律师事务所尽力给律师们办了养老保险。,7
和帅哥合影的人是幸福的！,7
一周下来，涨了6000多个粉丝！,7
自驾东西海岸140元,7
调任卫视节目中心主任.,7
③瘦腰冠军草莓，含有天冬氨酸除腰部水分脂肪；,7
然而，遇上你的时候，我突然只想专情拥抱你，为你弹奏，为你动听。,7
不管这盘棋的结局如何，去体验一次。,7
"新疆台网初步测定：04月26日06时49分在新疆维吾尔自治区和田地区于田县、民丰县交界(北纬36.4度,东经082.5度)发生4.2级地震，震源深度7公里。",7
